-- MySQL dump 10.19  Distrib 10.3.34-MariaDB, for debian-linux-gnu (x86_64)
--
-- Host: localhost    Database: medios_de_prensa
-- ------------------------------------------------------
-- Server version	10.3.34-MariaDB-0ubuntu0.20.04.1

/*!40101 SET @OLD_CHARACTER_SET_CLIENT=@@CHARACTER_SET_CLIENT */;
/*!40101 SET @OLD_CHARACTER_SET_RESULTS=@@CHARACTER_SET_RESULTS */;
/*!40101 SET @OLD_COLLATION_CONNECTION=@@COLLATION_CONNECTION */;
/*!40101 SET NAMES utf8mb4 */;
/*!40103 SET @OLD_TIME_ZONE=@@TIME_ZONE */;
/*!40103 SET TIME_ZONE='+00:00' */;
/*!40014 SET @OLD_UNIQUE_CHECKS=@@UNIQUE_CHECKS, UNIQUE_CHECKS=0 */;
/*!40014 SET @OLD_FOREIGN_KEY_CHECKS=@@FOREIGN_KEY_CHECKS, FOREIGN_KEY_CHECKS=0 */;
/*!40101 SET @OLD_SQL_MODE=@@SQL_MODE, SQL_MODE='NO_AUTO_VALUE_ON_ZERO' */;
/*!40111 SET @OLD_SQL_NOTES=@@SQL_NOTES, SQL_NOTES=0 */;

--
-- Table structure for table `dueño`
--

DROP TABLE IF EXISTS `dueño`;
/*!40101 SET @saved_cs_client     = @@character_set_client */;
/*!40101 SET character_set_client = utf8 */;
CREATE TABLE `dueño` (
  `es_persona` tinyint(1) DEFAULT NULL,
  `nombre_dueño` varchar(32) NOT NULL,
  PRIMARY KEY (`nombre_dueño`)
) ENGINE=InnoDB DEFAULT CHARSET=utf8mb4;
/*!40101 SET character_set_client = @saved_cs_client */;

--
-- Dumping data for table `dueño`
--

LOCK TABLES `dueño` WRITE;
/*!40000 ALTER TABLE `dueño` DISABLE KEYS */;
INSERT INTO `dueño` (`es_persona`, `nombre_dueño`) VALUES (1,'Arnold Schwarzenegger');
/*!40000 ALTER TABLE `dueño` ENABLE KEYS */;
UNLOCK TABLES;

--
-- Table structure for table `medio_de_prensa`
--

DROP TABLE IF EXISTS `medio_de_prensa`;
/*!40101 SET @saved_cs_client     = @@character_set_client */;
/*!40101 SET character_set_client = utf8 */;
CREATE TABLE `medio_de_prensa` (
  `nombre_medio` varchar(32) NOT NULL,
  `region` varchar(16) DEFAULT NULL,
  `comuna` varchar(64) DEFAULT NULL,
  `regional_o_local` enum('regional','local') DEFAULT NULL,
  `idioma` varchar(16) DEFAULT NULL,
  `pais` varchar(16) DEFAULT NULL,
  PRIMARY KEY (`nombre_medio`)
) ENGINE=InnoDB DEFAULT CHARSET=utf8mb4;
/*!40101 SET character_set_client = @saved_cs_client */;

--
-- Dumping data for table `medio_de_prensa`
--

LOCK TABLES `medio_de_prensa` WRITE;
/*!40000 ALTER TABLE `medio_de_prensa` DISABLE KEYS */;
INSERT INTO `medio_de_prensa` (`nombre_medio`, `region`, `comuna`, `regional_o_local`, `idioma`, `pais`) VALUES ('Chillan online','ñuble','chillan','local','español','chile'),('mega','metropolitana','santiago','regional','español','chile');
/*!40000 ALTER TABLE `medio_de_prensa` ENABLE KEYS */;
UNLOCK TABLES;

--
-- Table structure for table `menciona`
--

DROP TABLE IF EXISTS `menciona`;
/*!40101 SET @saved_cs_client     = @@character_set_client */;
/*!40101 SET character_set_client = utf8 */;
CREATE TABLE `menciona` (
  `id_persona` int(11) NOT NULL AUTO_INCREMENT,
  `url` varchar(256) NOT NULL,
  PRIMARY KEY (`id_persona`,`url`),
  KEY `url` (`url`),
  CONSTRAINT `menciona_ibfk_1` FOREIGN KEY (`id_persona`) REFERENCES `persona` (`id_persona`),
  CONSTRAINT `menciona_ibfk_2` FOREIGN KEY (`url`) REFERENCES `noticia` (`url`)
) ENGINE=InnoDB AUTO_INCREMENT=82 DEFAULT CHARSET=utf8mb4;
/*!40101 SET character_set_client = @saved_cs_client */;

--
-- Dumping data for table `menciona`
--

LOCK TABLES `menciona` WRITE;
/*!40000 ALTER TABLE `menciona` DISABLE KEYS */;
INSERT INTO `menciona` (`id_persona`, `url`) VALUES (2,'https://www.chillanonline.cl/V6/114-398-son-los-casos-confirmados-acumulados-por-region-de-notificacion-de-covid-19-en-nuble/'),(3,'https://www.chillanonline.cl/V6/114-398-son-los-casos-confirmados-acumulados-por-region-de-notificacion-de-covid-19-en-nuble/'),(4,'https://www.chillanonline.cl/V6/18-vecinas-de-chillan-son-certificadas-por-fosis-como-lideres-y-promotoras-de-la-salud-mental-comunitaria/'),(5,'https://www.chillanonline.cl/V6/18-vecinas-de-chillan-son-certificadas-por-fosis-como-lideres-y-promotoras-de-la-salud-mental-comunitaria/'),(6,'https://www.chillanonline.cl/V6/18-vecinas-de-chillan-son-certificadas-por-fosis-como-lideres-y-promotoras-de-la-salud-mental-comunitaria/'),(7,'https://www.chillanonline.cl/V6/admision-escolar-2023-estos-son-los-pasos-que-deben-realizar-las-familias-extranjeras-que-no-tienen-run-chileno-antes-de-postular/'),(8,'https://www.chillanonline.cl/V6/bulnes-ya-cuenta-con-equipo-exploratorio-de-medicion-de-calidad-de-aire-impulsara-creacion-de-la-macrozona-del-valle-central-de-nuble/'),(9,'https://www.chillanonline.cl/V6/bulnes-ya-cuenta-con-equipo-exploratorio-de-medicion-de-calidad-de-aire-impulsara-creacion-de-la-macrozona-del-valle-central-de-nuble/'),(10,'https://www.chillanonline.cl/V6/con-anuncios-en-materia-de-salud-transporte-escolar-y-deportes-gobernador-crisostomo-conmemora-su-primer-ano-de-gestion-en-el-cargo/'),(11,'https://www.chillanonline.cl/V6/con-anuncios-en-materia-de-salud-transporte-escolar-y-deportes-gobernador-crisostomo-conmemora-su-primer-ano-de-gestion-en-el-cargo/'),(12,'https://www.chillanonline.cl/V6/con-anuncios-en-materia-de-salud-transporte-escolar-y-deportes-gobernador-crisostomo-conmemora-su-primer-ano-de-gestion-en-el-cargo/'),(13,'https://www.chillanonline.cl/V6/con-anuncios-en-materia-de-salud-transporte-escolar-y-deportes-gobernador-crisostomo-conmemora-su-primer-ano-de-gestion-en-el-cargo/'),(14,'https://www.chillanonline.cl/V6/copelec-y-reforestemos-apicultores-de-nuble-recibieron-donacion-de-17-mil-arboles-meliferos-para-el-desarrollo-de-la-apicultura-regional/'),(15,'https://www.chillanonline.cl/V6/copelec-y-reforestemos-apicultores-de-nuble-recibieron-donacion-de-17-mil-arboles-meliferos-para-el-desarrollo-de-la-apicultura-regional/'),(16,'https://www.chillanonline.cl/V6/copelec-y-reforestemos-apicultores-de-nuble-recibieron-donacion-de-17-mil-arboles-meliferos-para-el-desarrollo-de-la-apicultura-regional/'),(17,'https://www.chillanonline.cl/V6/copelec-y-reforestemos-apicultores-de-nuble-recibieron-donacion-de-17-mil-arboles-meliferos-para-el-desarrollo-de-la-apicultura-regional/'),(18,'https://www.chillanonline.cl/V6/copelec-y-reforestemos-apicultores-de-nuble-recibieron-donacion-de-17-mil-arboles-meliferos-para-el-desarrollo-de-la-apicultura-regional/'),(19,'https://www.chillanonline.cl/V6/copelec-y-reforestemos-apicultores-de-nuble-recibieron-donacion-de-17-mil-arboles-meliferos-para-el-desarrollo-de-la-apicultura-regional/'),(20,'https://www.chillanonline.cl/V6/copelec-y-reforestemos-apicultores-de-nuble-recibieron-donacion-de-17-mil-arboles-meliferos-para-el-desarrollo-de-la-apicultura-regional/'),(21,'https://www.chillanonline.cl/V6/copelec-y-reforestemos-apicultores-de-nuble-recibieron-donacion-de-17-mil-arboles-meliferos-para-el-desarrollo-de-la-apicultura-regional/'),(22,'https://www.chillanonline.cl/V6/copelec-y-reforestemos-apicultores-de-nuble-recibieron-donacion-de-17-mil-arboles-meliferos-para-el-desarrollo-de-la-apicultura-regional/'),(23,'https://www.chillanonline.cl/V6/definen-nuevos-horarios-de-subida-y-bajada-a-termas-de-chillan-por-intensas-nevadas/'),(24,'https://www.chillanonline.cl/V6/definen-nuevos-horarios-de-subida-y-bajada-a-termas-de-chillan-por-intensas-nevadas/'),(25,'https://www.chillanonline.cl/V6/definen-nuevos-horarios-de-subida-y-bajada-a-termas-de-chillan-por-intensas-nevadas/'),(26,'https://www.chillanonline.cl/V6/definen-nuevos-horarios-de-subida-y-bajada-a-termas-de-chillan-por-intensas-nevadas/'),(27,'https://www.chillanonline.cl/V6/diputado-martinez-presenta-proyecto-que-obliga-al-gobierno-a-expulsar-en-60-dias-a-la-mayoria-de-extranjeros-condenados-en-chile/'),(28,'https://www.chillanonline.cl/V6/dirigentes-de-los-daem-se-suman-al-proceso-servicio-local-de-educacion-punilla-cordillera-y-trabajadores-daem-realizan-reunion-visando-la-coordinacion-durante-el-traspaso-del-servicio-educativo/'),(29,'https://www.chillanonline.cl/V6/dirigentes-de-los-daem-se-suman-al-proceso-servicio-local-de-educacion-punilla-cordillera-y-trabajadores-daem-realizan-reunion-visando-la-coordinacion-durante-el-traspaso-del-servicio-educativo/'),(30,'https://www.chillanonline.cl/V6/dirigentes-de-los-daem-se-suman-al-proceso-servicio-local-de-educacion-punilla-cordillera-y-trabajadores-daem-realizan-reunion-visando-la-coordinacion-durante-el-traspaso-del-servicio-educativo/'),(33,'https://www.chillanonline.cl/V6/equipo-de-administracion-directa-de-vialidad-despejo-caminos-vecinales-en-las-trancas/'),(34,'https://www.chillanonline.cl/V6/equipo-de-administracion-directa-de-vialidad-despejo-caminos-vecinales-en-las-trancas/'),(35,'https://www.chillanonline.cl/V6/equipo-de-administracion-directa-de-vialidad-despejo-caminos-vecinales-en-las-trancas/'),(36,'https://www.chillanonline.cl/V6/equipo-de-administracion-directa-de-vialidad-despejo-caminos-vecinales-en-las-trancas/'),(37,'https://www.chillanonline.cl/V6/la-secretaria-regional-ministerial-de-bienes-nacionales-en-nuble-comenzo-una-intensa-fiscalizacion-de-inmuebles-fiscales-de-uso-habitacional-que-fueron-destinadas-a-funcionarios-publicos/'),(39,'https://www.chillanonline.cl/V6/nieve-caida-en-nuble-llega-a-niveles-historicos-y-hoy-supera-los-3-metros-acumulados/'),(40,'https://www.chillanonline.cl/V6/prochile-nuble-presentara-vinos-regionales-en-paises-del-sudeste-asiatico-2/'),(41,'https://www.chillanonline.cl/V6/prochile-nuble-presentara-vinos-regionales-en-paises-del-sudeste-asiatico-2/'),(42,'https://www.chillanonline.cl/V6/prochile-nuble-presentara-vinos-regionales-en-paises-del-sudeste-asiatico-2/'),(43,'https://www.chillanonline.cl/V6/prochile-nuble-presentara-vinos-regionales-en-paises-del-sudeste-asiatico-2/'),(44,'https://www.chillanonline.cl/V6/prochile-nuble-presentara-vinos-regionales-en-paises-del-sudeste-asiatico-2/'),(45,'https://www.chillanonline.cl/V6/prochile-nuble-presentara-vinos-regionales-en-paises-del-sudeste-asiatico-2/'),(46,'https://www.chillanonline.cl/V6/prochile-nuble-presentara-vinos-regionales-en-paises-del-sudeste-asiatico-2/'),(47,'https://www.chillanonline.cl/V6/quinchamali-en-la-recta-final-para-ingresar-a-la-lista-de-salvaguardia-urgente-de-la-unesco/'),(49,'https://www.chillanonline.cl/V6/quinchamali-en-la-recta-final-para-ingresar-a-la-lista-de-salvaguardia-urgente-de-la-unesco/'),(50,'https://www.chillanonline.cl/V6/quinchamali-en-la-recta-final-para-ingresar-a-la-lista-de-salvaguardia-urgente-de-la-unesco/'),(51,'https://www.chillanonline.cl/V6/quinchamali-en-la-recta-final-para-ingresar-a-la-lista-de-salvaguardia-urgente-de-la-unesco/'),(52,'https://www.chillanonline.cl/V6/quinchamali-en-la-recta-final-para-ingresar-a-la-lista-de-salvaguardia-urgente-de-la-unesco/'),(53,'https://www.chillanonline.cl/V6/quinchamali-en-la-recta-final-para-ingresar-a-la-lista-de-salvaguardia-urgente-de-la-unesco/'),(54,'https://www.chillanonline.cl/V6/quinchamali-en-la-recta-final-para-ingresar-a-la-lista-de-salvaguardia-urgente-de-la-unesco/'),(55,'https://www.chillanonline.cl/V6/quinchamali-en-la-recta-final-para-ingresar-a-la-lista-de-salvaguardia-urgente-de-la-unesco/'),(56,'https://www.chillanonline.cl/V6/quinchamali-en-la-recta-final-para-ingresar-a-la-lista-de-salvaguardia-urgente-de-la-unesco/'),(57,'https://www.chillanonline.cl/V6/quinchamali-en-la-recta-final-para-ingresar-a-la-lista-de-salvaguardia-urgente-de-la-unesco/'),(58,'https://www.chillanonline.cl/V6/quinchamali-en-la-recta-final-para-ingresar-a-la-lista-de-salvaguardia-urgente-de-la-unesco/'),(59,'https://www.chillanonline.cl/V6/quinchamali-en-la-recta-final-para-ingresar-a-la-lista-de-salvaguardia-urgente-de-la-unesco/'),(60,'https://www.chillanonline.cl/V6/quinchamali-en-la-recta-final-para-ingresar-a-la-lista-de-salvaguardia-urgente-de-la-unesco/'),(61,'https://www.chillanonline.cl/V6/quinchamali-en-la-recta-final-para-ingresar-a-la-lista-de-salvaguardia-urgente-de-la-unesco/'),(62,'https://www.chillanonline.cl/V6/quinchamali-en-la-recta-final-para-ingresar-a-la-lista-de-salvaguardia-urgente-de-la-unesco/'),(63,'https://www.chillanonline.cl/V6/quinchamali-en-la-recta-final-para-ingresar-a-la-lista-de-salvaguardia-urgente-de-la-unesco/'),(64,'https://www.chillanonline.cl/V6/quinchamali-en-la-recta-final-para-ingresar-a-la-lista-de-salvaguardia-urgente-de-la-unesco/'),(65,'https://www.chillanonline.cl/V6/quinchamali-en-la-recta-final-para-ingresar-a-la-lista-de-salvaguardia-urgente-de-la-unesco/'),(66,'https://www.chillanonline.cl/V6/quinchamali-en-la-recta-final-para-ingresar-a-la-lista-de-salvaguardia-urgente-de-la-unesco/'),(68,'https://www.chillanonline.cl/V6/sag-aumenta-aporte-de-controlador-de-lobesia-botrana-a-pequenos-vinateros-y-productores-de-arandano-de-nuble/'),(69,'https://www.chillanonline.cl/V6/sag-aumenta-aporte-de-controlador-de-lobesia-botrana-a-pequenos-vinateros-y-productores-de-arandano-de-nuble/'),(70,'https://www.chillanonline.cl/V6/san-nicolas-suma-inversiones-por-mas-de-3500-millones-con-apoyo-del-gobierno-regional-de-nuble/'),(71,'https://www.chillanonline.cl/V6/san-nicolas-suma-inversiones-por-mas-de-3500-millones-con-apoyo-del-gobierno-regional-de-nuble/'),(72,'https://www.chillanonline.cl/V6/sence-mejorara-las-oportunidades-laborales-de-nublensinosas-con-14-cursos-gratuitos/'),(73,'https://www.chillanonline.cl/V6/sence-mejorara-las-oportunidades-laborales-de-nublensinosas-con-14-cursos-gratuitos/'),(74,'https://www.chillanonline.cl/V6/sence-mejorara-las-oportunidades-laborales-de-nublensinosas-con-14-cursos-gratuitos/'),(75,'https://www.chillanonline.cl/V6/sence-mejorara-las-oportunidades-laborales-de-nublensinosas-con-14-cursos-gratuitos/'),(77,'https://www.chillanonline.cl/V6/seremi-de-salud-clausura-sitio-de-acopio-y-quema-de-basuras-y-escombros/'),(78,'https://www.chillanonline.cl/V6/trabajadores-jovenes-triplican-a-personas-mayores-ocupadas-de-65-anos-o-mas-en-nuble/'),(79,'https://www.chillanonline.cl/V6/trabajadores-jovenes-triplican-a-personas-mayores-ocupadas-de-65-anos-o-mas-en-nuble/'),(80,'https://www.chillanonline.cl/V6/trabajadores-jovenes-triplican-a-personas-mayores-ocupadas-de-65-anos-o-mas-en-nuble/'),(81,'https://www.chillanonline.cl/V6/trabajadores-jovenes-triplican-a-personas-mayores-ocupadas-de-65-anos-o-mas-en-nuble/');
/*!40000 ALTER TABLE `menciona` ENABLE KEYS */;
UNLOCK TABLES;

--
-- Table structure for table `noticia`
--

DROP TABLE IF EXISTS `noticia`;
/*!40101 SET @saved_cs_client     = @@character_set_client */;
/*!40101 SET character_set_client = utf8 */;
CREATE TABLE `noticia` (
  `url` varchar(256) NOT NULL,
  `nombre_medio` varchar(32) DEFAULT NULL,
  `fecha_publicacion` date DEFAULT NULL,
  `contenido` text DEFAULT NULL,
  `titulo` varchar(256) DEFAULT NULL,
  PRIMARY KEY (`url`),
  KEY `nombre_medio` (`nombre_medio`),
  CONSTRAINT `noticia_ibfk_1` FOREIGN KEY (`nombre_medio`) REFERENCES `medio_de_prensa` (`nombre_medio`)
) ENGINE=InnoDB DEFAULT CHARSET=utf8mb4;
/*!40101 SET character_set_client = @saved_cs_client */;

--
-- Dumping data for table `noticia`
--

LOCK TABLES `noticia` WRITE;
/*!40000 ALTER TABLE `noticia` DISABLE KEYS */;
INSERT INTO `noticia` (`url`, `nombre_medio`, `fecha_publicacion`, `contenido`, `titulo`) VALUES ('https://www.chillanonline.cl/V6/114-398-son-los-casos-confirmados-acumulados-por-region-de-notificacion-de-covid-19-en-nuble/','Chillan online','2022-07-15','233 son los nuevos casos confirmados de COVID – 19 con datos epidemiológicos de ayer. El 55% de los casos fueron pesquisados a través de los operativos de testeo en la región.\n Chillán (109), San Carlos (24), Bulnes (17), Quillón (9), Chillán Viejo (8), San Ignacio (8), San Nicolás (8), Yungay (7), Coelemu (6), San Fabián (6), Coihueco (5), El Carmen (5), Quirihue (4), Ninhue (3), Pemuco (3), Cobquecura (2), Pinto (2), Portezuelo (2), Ránquil (2), Trehuaco (2), Ñiquén (1).\nlos casos acumulados entregan la siguiente distribución:\n(Esta información puede estar sujeta a cambios tras investigación epidemiológica).\nSeremi de Salud Ñuble\n','114.398 son los casos confirmados acumulados por región de notificación de COVID- 19 en Ñuble'),('https://www.chillanonline.cl/V6/115-145-son-los-casos-confirmados-acumulados-por-region-de-notificacion-de-covid-19-en-nuble/','Chillan online','2022-07-19','93 son los nuevos casos confirmados de COVID – 19 con datos epidemiológicos de ayer. El 39% de los casos fueron pesquisados a través de los operativos de testeo en la región.\n Chillán (45), San Carlos (19), Coelemu (7), Quillón (5), Bulnes (4), Coihueco (3), Chillán Viejo (2), Pinto (2), El Carmen (1), Quirihue (1), San Fabián (1), San Ignacio (1), San Nicolás (1), Yungay (1).\nlos casos acumulados entregan la siguiente distribución:\n(Esta información puede estar sujeta a cambios tras investigación epidemiológica).\nSeremi de Salud Ñuble\n','115.145 son los casos confirmados acumulados por región de notificación de COVID- 19 en Ñuble'),('https://www.chillanonline.cl/V6/18-vecinas-de-chillan-son-certificadas-por-fosis-como-lideres-y-promotoras-de-la-salud-mental-comunitaria/','Chillan online','2022-07-15','En el Salón Claudio Arrau del Teatro Municipal de Chillán, el pasado jueves dieciocho vecinas de la comuna fueron certificadas por el Fondo de Solidaridad e Inversión Social (FOSIS) como líderes y promotoras de la salud mental comunitaria.\nLo anterior, en el contexto de la ceremonia de cierre del programa piloto “Promotoras de Salud Mental Comunitaria”, el que se desarrolló de manera inédita en la Región de Ñuble por parte del servicio público de Gobierno.\nEl programa se llevó a cabo durante 8 meses, aproximadamente, en los sectores Río Viejo y Luis Cruz Martínez. En ese periodo de tiempo, las beneficiarias fueron capacitadas en temáticas relacionadas a liderazgo, salud mental y trabajo comunitario, lo que les permitió, además, gestionar diferentes actividades comunitarias con sus vecinos.\nLa certificación de las usuarias fue liderada por el director regional de FOSIS, Claudio Guíñez Pacheco, quien estuvo en compañía de representantes de la Seremi de Desarrollo Social y Familia, la Universidad del Biobío y del Centro Nacional de la Familia (Cenfa).\n','18 vecinas de Chillán son certificadas por FOSIS como líderes y promotoras de la salud mental comunitaria'),('https://www.chillanonline.cl/V6/admision-escolar-2023-estos-son-los-pasos-que-deben-realizar-las-familias-extranjeras-que-no-tienen-run-chileno-antes-de-postular/','Chillan online','2022-07-15','El próximo miércoles 10 de agosto comienza el proceso de postulación para la Admisión Escolar para el año 2023, que será a través de la plataforma web \n y estará disponible hasta el miércoles 7 de septiembre. Deberán postular a este proceso quienes el próximo año ingresen por primera vez a un establecimiento público o particular subvencionado, quienes quieran cambiarse de establecimiento o se encuentren en un establecimiento que no tiene continuidad en el siguiente nivel, y quienes quieran reingresar al sistema escolar.\n que no cuenten con cédula de identidad (RUN chileno) y que necesiten ingresar al sistema educacional público o particular subvencionado, previo a la postulación tendrán que solicitar el Identificador Provisorio Escolar (IPE), trámite que pueden hacer desde el 14 de julio en \nAdemás, el proceso de postulación exige que el padre, madre y/o tutor esté registrado como apoderado de un estudiante en edad escolar. En el caso de que el apoderado esté en proceso de regularización de su situación migratoria y no tenga cédula de identidad (RUN chileno), tendrá que solicitar, en el mismo sitio, el\n que les permitirá ingresar -desde el 10 de agosto- a la plataforma de Admisión Escolar para postular a un estudiante extranjero a los establecimientos educacionales de su preferencia.\nUn tercer trámite disponible, para personas con RUN chileno que no estén vinculadas en el Registro Civil, es el \n(padres/hijos/hermanos) \n (tutores legales/tutores simples). Lo anterior permite que familias chilenas o extranjeras, que cuenten con RUN chileno puedan posteriormente continuar con la postulación de uno o más estudiantes como sus apoderados.\n‘’Hacemos un llamado a las familias de estudiantes extranjeros para que realicen este trámite con anticipación y que se informen sobre este proceso 100% en línea que ya se encuentra disponible. Esta es una etapa previa a las postulaciones que comienzan el 10 de agosto. Es fundamental para que las y los estudiantes migrantes puedan ingresar al sistema educativo y así continuar con su proceso de aprendizaje’’, sostuvo el subsecretario de Educación, Nicolás Cataldo.\nEl IPE e IPA son provisorios, ya que se utilizan para que las familias extranjeras puedan ingresar al sistema escolar chileno mientras obtienen su cédula de identidad nacional. Luego de regularizar la situación migratoria del estudiante, se debe dar aviso al establecimiento educacional para reemplazar el IPE por el RUN (Registro Único Nacional) que es el documento de identidad válido en el país otorgado por el Registro Civil e Identificación.\nDesde el 19 de julio, los apoderados podrán registrarse en la plataforma web \n para conocer más información acerca de los establecimientos de su preferencia. \n','Admisión Escolar 2023: Estos son los pasos que deben realizar las familias extranjeras que no tienen RUN chileno antes de postular'),('https://www.chillanonline.cl/V6/bulnes-ya-cuenta-con-equipo-exploratorio-de-medicion-de-calidad-de-aire-impulsara-creacion-de-la-macrozona-del-valle-central-de-nuble/','Chillan online','2022-07-15','El cuidado de la calidad de aire que respiramos es Ñuble continúa siendo uno de los temas prioritarios del Ministerio del Medio Ambiente. Por lo mismo, y para seguir avanzando en esta materia, se concretó la instalación del equipo exploratorio de monitoreo de material particulado 2,5, el cual complementará el trabajo que actualmente se hace en Chillán y San Carlos.\nEl Seremi del Medio Ambiente, Mario Rivas Peña, destacó que “para nosotros como es esencial trabajar de la mano con los territorios y en este caso el municipio de Bulnes, para avanzar en disminuir los casos de enfermedades respiratorias. Esto sólo se podrá realizar si tomamos mejores decisiones en la medida que podamos cuantificar, por ejemplo, el material particulado y así evitar los episodios críticos de contaminación atmosférica para que toda la comunidad pueda tener una mejor calidad de vida”.\nEl jefe de la cartera del Medio Ambiente en Ñuble agregó que “esto va a permitir sentar las bases para levantar datos en Bulnes, que será relevante en lo que se está trabajando con fuerza, que es avanzar hacia la declaración de una Macrozona del Valle Central de Ñuble, existe una zona saturada de contaminación, que corresponde a las comunas de Chillán y Chillán Viejo, por la combustión a leña. Esto nos va a permitir evaluar si es factible ampliar el Plan de Prevención y Descontaminación Atmosférica (PPDA) para este territorio”.\nEn ese mismo sentido, el alcalde de Bulnes, Guillermo Yeber Rodríguez, enfatizó que “este tipo de instrumentos de medición medio ambiental para la comuna resulta fundamental, pues permite medir la calidad del aire, lo que ayudará, no solo a medir las cifras, sino que también, tener políticas de gobierno a largo plazo en esta materia, y así atraer recursos a la comuna, con el sustento técnico que dará esta medición. Espero que este tipo de medidas se repliquen, y, sobre todo, vayan generando conciencia de lo fundamental que es el cuidado de nuestro ecosistema, es por eso que recibir esto, para nosotros, nos abre la puerta para seguir trabajando en este sentido”.\nEl equipo instalado en la capital de Diguillín corresponde a uno exploratorio de monitoreo, el cual registrará datos para futuras modelaciones que impulsarán la creación de la Macrozona del Valle Central de Ñuble, el que contempla a 13 comunas: Bulnes, Ñiquén, San Carlos, San Nicolás, Coihueco, Pinto, Quillón, San Ignacio, El Carmen, Pemuco, Yungay, Chillán y Chillán Viejo, alcanzando sobre 400 mil habitantes, lo que corresponde a más de un 80% del total de la población de Ñuble.\nUna zona declarada saturada y el diseño de un PPDA, conlleva a medidas estructurales como el reacondicionamiento térmico de viviendas, que permitirá disminuir la demanda energética para calefacción dentro del hogar y la sustitución de los actuales sistemas de calefacción contaminantes por sistemas eficientes y con menos emisiones, que permitirá reducir las emisiones a la atmósfera y también las intradomiciliarias, el cual actualmente opera en la capital de Ñuble y es conocido como Programa de Recambio de Calefactores.\nLa primera etapa de la instalación del equipo es de carácter exploratorio. Posteriormente, en su segunda etapa, pasaría a ser equipo certificado. En la tercera etapa pasa a ser estación de monitoreo, pasando a la página del Sistema de Información Nacional de Calidad del Aire (SINCA).\n','Bulnes ya cuenta con equipo exploratorio de medición de calidad de aire: impulsará creación de la Macrozona del Valle Central de Ñuble'),('https://www.chillanonline.cl/V6/con-anuncios-en-materia-de-salud-transporte-escolar-y-deportes-gobernador-crisostomo-conmemora-su-primer-ano-de-gestion-en-el-cargo/','Chillan online','2022-07-14','Luego de un repaso de lo que ha sido este primer año de gestión en su cargo, desde que el pasado 14 de julio de 2021 asumiera como el primer Gobernador Regional electo democráticamente, el Gobernador Óscar Crisóstomo, hizo anuncios en materia de transporte escolar donde transferirá $1.500 millones para suplir el déficit municipal y permitir así entregar este servicio a los y las estudiantes de Ñuble. Además, oficializó los recursos para la construcción de 21 canchas de fútbol para cada una de las comunas de la región Ñuble, lo que implicará un presupuesto de $7.980 millones; y firmó el convenio para la reposición de 33 ambulancias para la atención primaria de salud que implica una inversión de $2.894 millones.\nEn total, las iniciativas dadas a conocer durante la jornada de aniversario suman un total de $12.374 millones y benefician directamente a todas las comunas de la región.\nEl Gobernador revisó los avances logrados durante estos 12 meses, entre los que destacan el convenio para la construcción del Centro Teletón, la concreción de la primera carrera de Medicina en Ñuble, el financiamiento del terreno para el Parque Schleyer y los recursos para la construcción del Liceo de Yungay, como una muestra de la gestión que logró sacar adelante iniciativas que esperaban por décadas.\nLa máxima autoridad regional señaló que “ha sido un año sumamente intenso, han sido 365 días de un andar por la región de Ñuble que nos ha permitido ir recogiendo las necesidades y trabajando sobre ellas también y en este caminar creo que hemos podido generar los consensos y las uniones necesarias para poder ir todos tirando este gran carro, para que nuestra región se vaya desarrollando”.\nEn cuanto a los anuncios dados en la jornada, Crisóstomo explicó que “implican inversión en las 21 comunas en diversas áreas, pero que mejora, en cada una de ellas, la calidad de vida de las personas. El primero de ellos es las 21 canchas para Ñuble que vamos a construir, de pasto sintético, en diversos sectores, una por comuna, que permitirá a nuestros deportistas tener espacios de calidad con camarines y sean un lugar de encuentro”.  Y el segundo anuncio, “tiene que ver con $1.500 millones que vamos a destinar para el transporte escolar, era una necesidad que se había suscitado, lo conversamos con el ministro de educación y esperamos también señales de ellos en esta materia, para que podamos concretar el apoyo para el próximo año”.\nRespecto al “Plan 21 canchas para Ñuble”, la máxima autoridad regional explicó que la iniciativa consiste en habilitar canchas para fútbol, lo que permitirá fomentar actividades deportivas y promover un estilo de vida saludable.  El plan, histórico en cuanto a equipamiento deportivo, beneficiará a 85 mil jugadores y jugadoras de fútbol amateur.\nEl anuncio de los $1.500 millones para el transporte escolar, permitirá cubrir el 55% del déficit que el ministerio de Educación tiene con las municipalidades de Ñuble, el que asciende a $2.746 millones.\nEn tanto, las 33 ambulancias para la atención primaria de salud, serán vehículos 4×2 y 4×4 con motor diesel, equipos de alerta luminosa exterior, carga útil mínima de 1.500 kg con cabina sanitaria para todos los requerimientos de traslado y atención de pacientes.  La distribución de estos móviles por provincia es de 14 para Diguillín, 11 para Itata y 8 para Punilla.\nEl “Plan 21 canchas para Ñuble” fue valorado por Luis Alberto Hernández, presidente regional de la asociación ANFA y aseguró que “esto nos va a permitir tener más presente la infraestructura para el deporte a nivel de la región de Ñuble (…) somos transversales, somos futbolistas, y las familias se identifican mucho con el fútbol, principalmente la parte rural, que lo toman como un paseo del fin de semana cuando se hace el deporte”. Agradeció “al Gobierno Regional por el empeño que le han puesto a esto, estamos trabajando de la mano, les damos las gracias a don Óscar y a todos los que están de una u otra manera empujaron este tema, así que super contento”.\nEl alcalde de Ñiquén, Manuel Pino, sostuvo que el anuncio del financiamiento del transporte escolar es “transversal, inclusivo, que ayuda al desarrollo de una región que nace, una región que es la más joven de Chile, yo, particularmente estoy feliz por el tremendo anuncio de son más de mil 500 millones, que van a movilizar a nuestros niños y niñas de las comunas rurales para que puedan llegar a sus colegios”.  \nEn el mismo tema, como presidenta del Centro de Padres del Liceo Polivalente de San Nicolás, Ana María Pedreros, agradeció a nombre de los apoderados el anuncio porque “el transporte es un factor importante en nuestro quehacer cotidiano de nuestra comunidad educativa, aquí los beneficiados son los alumnos y eso es lo que a nosotros nos importa e interesa”.\nA su vez Elizabeth Figueroa,  representante del Consejo de la Sociedad Civil de Salud,  aplaudió la adquisición de 33 ambulancias para la región, “encuentro que es una entrega muy potente que va en ayuda de todas las comunas de nuestra región; nosotros  se lo solicitamos a nuestro Gobernador porque vimos la necesidad y visualizamos todo lo que la salud necesitaba acá en Ñuble, los usuarios de la salud, las comunas que son de Rezago que  necesitaban renovar el stock de las ambulancias, así que esto lo valoramos de forma muy potente, agradecemos enormemente a nuestro Gobernador y a todos quienes hicieron posible esta entrega”.\n','Con anuncios en materia de salud, transporte escolar y deportes, Gobernador Crisóstomo conmemora su primer año de gestión en el cargo'),('https://www.chillanonline.cl/V6/copelec-y-reforestemos-apicultores-de-nuble-recibieron-donacion-de-17-mil-arboles-meliferos-para-el-desarrollo-de-la-apicultura-regional/','Chillan online','2022-07-15','Por quinto año consecutivo 243 apicultores de la región de Ñuble recibieron el donativo de 17 mil árboles melíferos, a través de una gestión conjunta entre Cooperativa Copelec y Fundación Reforestemos, enmarcado en el programa de donación de especies nativas del 2022 de la última entidad mencionada.\nDicha entrega fue realizada a través de Copelec Apícola, donde apicultores y agricultores de las comunas de San Ignacio, Coihueco, Pinto, Bulnes, Quillón, Ránquil, Quirihue, San Nicolás, Chillán y Chillán viejo recibieron árboles como el Quillay, Peumo, Maqui, Roble y Coihue; especies de interés para la alimentación de las abejas.\nLa actividad contó con la presencia de Rodrigo Orrego, asesor de la seremía de Agricultura, Roberto Ferrada, director del SAG, Luis García, director regional de INDAP, Jorge González, investigador de INFOR, además del Consejo de Administración de Cooperativa Copelec, encabezado por Martín Figueroa y su gerente general, Patricio Lagos.\nCopelec Apícola enriqueció la instancia a través de la entrega de herramientas técnicas en el seminario “Protegiendo la apicultura de Ñuble”, donde se expusieron temáticas importantes para la producción de miel, como flora melífera, estrés nutricional y el escarabajo de la colmena, especie dañina para las abejas; actividad donde, a mano alzada, se resolvieron dudas de los asistentes.\nRodrigo Orrego, asesor de la seremi de Agricultura, validó la importancia del rubro apícola para la región de Ñuble. “Nosotros estamos en la Mesa Apícola Regional, así que sabemos la relevancia del rubro en esta zona. La entrega de árboles viene a sumar un granito de arena más para ayudar en nuestros problemas ambientales y de alimentación de las abejas, y el complementarlo con un seminario da herramientas técnicas fundamentales”, señaló.\nEs que durante años se ha buscado fomentar la reforestación de flora melífera, y esta “es otra oportunidad de ayudar con algo tan noble como la alimentación de las abejas. Estamos beneficiando no solo con los árboles, también con capacitaciones, conocimientos y transferencia de tecnología”, destacó Patricio Lagos, gerente general de Cooperativa Copelec.\nPedro Álvarez, jefe de operaciones forestales de Fundación Reforestemos, explicó que esta alianza permite “apoyar los programas de economías locales, la producción de miel y el manejo sustentable del bosque nativo, que hoy en día es clave para combatir el cambio climático y la desertificación”.\nPalabras respaldadas por Marcela Ledesma, encargada de Fomento Productivo Cooperativa Copelec y coordinadora de la iniciativa, quien mostró su gratitud ante los más de 75 mil árboles entregados a partir del mega incendio del 2017.\n','Copelec y Reforestemos: Apicultores de Ñuble recibieron donación de 17 mil árboles melíferos para el desarrollo de la apicultura regional'),('https://www.chillanonline.cl/V6/definen-nuevos-horarios-de-subida-y-bajada-a-termas-de-chillan-por-intensas-nevadas/','Chillan online','2022-07-14','Tras caer más de 60 centímetros de nieve en la parte alta de la cordillera de Ñuble, que mantiene un acumulado de 2 metros 57 centímetros de nieve, según datos reportados por la Dirección General de Aguas del Ministerio de Obras Públicas, la ruta N-55 desde Pinto a Termas de Chillán, sufrió una alta acumulación de nieve en la pista principal, además de una remoción en masa en el kilómetro 72 que obligó a cortar una vía de la ruta para el trabajo de maquinaria.\nEsto se suma al alto flujo vehicular, que involucra un crecimiento de cerca de 6 mil personas como población flotante, que complican la labor de las máquinas. Ante esta situación, y para evitar conflictos, el Delegado Presidencial Regional, Claudio Ferrada; tras sostener una reunión de trabajo con el Seremi de Obras Públicas, Paulo De la Fuente; el director (s) de Onemi, Cristian Matus y el Prefecto de Carabineros de Ñuble, Coronel David López; determinaron realizar modificaciones a los horarios de subida y bajada, así como también al punto de corte de ruta, que serán vigentes para este jueves 14 y viernes 15 de julio; y se evaluará la situación para el fin de semana.\n“Hemos estado monitoreando minuto a minuto la situación en nuestra región producto del sistema frontal. Estamos revisando con especial cuidado lo que ocurre en la ruta N-55 camino hacia Termas de Chillán, lo que hemos determinado, primero porte y uso obligatorio de cadenas para todo tipo de vehículos que sube hacia Termas de Chillán desde el kilómetro 64, sector Puente Marchant. Segundo, hemos fijado horarios de subida y de bajada, lo que principia a las ocho de la mañana como horario de subida hasta las 14 horas, y como horario de bajada desde las 14 horas hasta las 19 horas”, comentó el Delegado de Ñuble.\nLa autoridad regional agregó que “finalmente realizaremos un corte de ruta desde la tenencia en Las Trancas hacia el complejo hotelero Nevados desde las 2:59 hasta las ocho de la mañana del día viernes 15, esto es para permitir que puedan trabajar maquinarias debilidad en el despeje de la ruta”. Al respecto, el Seremi de Obras Públicas, Paulo De la Fuente, precisó que el trabajo de la maquinaria se ha intensificado, con refuerzo de motoniveladoras, retroexcavadora y un cargador frontal.\n“El sistema frontal a disminuido un poco en la región de Ñuble y eso nos permite como Ministerio de Obras Públicas de la región de Ñuble, desplegar a nuestros equipos de emergencia, a través de administración directa de vialidad, obras hidráulicas y los encargados de emergencia de la seremi.  Estamos en terreno en todo el territorio y especialmente quiero hacer un llamado a la prudencia y la tranquilidad, de acuerdo a las condiciones climáticas que estamos teniendo, han sido inusuales, desde el año 2009 que no teníamos la cantidad de nieve que ha caído en el último tiempo el sector precordillerano y la cordillera”, sostuvo el Seremi de Obras Públicas, Paulo De la Fuente.\nLa autoridad dijo que también intervendrán caminos vecinales que, pese a no ser de tuición de vialidad, gracias a un decreto especial se podrá intervenir. “Respecto de lo que es la ruta N-55, Pinto hasta las Termas de Chillán, hemos contemplado un programa especial de trabajo con equipos, personal y maquinaria adicional, motoniveladoras y cargador frontal, a fin de cumplir compromisos que nos permite trabajar en camino Shangrilá y caminos interiores, dado que estamos operando con un decreto especial que nos permite disponer de recursos adicionales de emergencia para dar cobertura a las personas que viven en el valle Las Trancas y al turismo. Hay cerca de 2.500 personas en ese sector de Shangrilá, camino que es responsabilidad municipal, pero que intervendremos gracias a este decreto del Delegado”, explicó el Seremi del MOP.\nDesde Onemi, el director (s) Cristian Matus, comentó que en la región “desde el 12 de julio hemos declarado una alerta temprana preventiva regional asociada a este evento meteorológico que ha traído condiciones bastante inusuales respecto a las precipitaciones de nieve y agua nieve, en zonas de cordillera, precordillera y valle. Hemos mantenido un permanente monitoreo para mantener la conectividad de las rutas, hemos tenido alteraciones de conectividad en Pemuco con anegamientos viales en caminos vecinales, lo mismo en Trehuaco, Quillón y algunas viviendas anegadas con atención oportuna de personal municipal”.\nSobre las últimas lluvias, Matus explicó que “las últimas 24 horas en la región han precipitado 26,6 milímetros, con un total a la fecha de 452 milímetros y una acumulación de nieve de 257 centímetros de acuerdo a la información proporcionada por DGA en la estación Volcán Chillán y las precipitaciones, la fuente a través de la Dirección Meteorológica de Chile.\n','Definen nuevos horarios de subida y bajada a Termas de Chillán por intensas nevadas'),('https://www.chillanonline.cl/V6/diputado-martinez-presenta-proyecto-que-obliga-al-gobierno-a-expulsar-en-60-dias-a-la-mayoria-de-extranjeros-condenados-en-chile/','Chillan online','2022-07-15','Además, el representante de Ñuble ingresó otras dos iniciativas legales, una para ampliar el catálogo de delitos por los cuales se permite una deportación, y otra para que los tribunales de justicia ordenen la salida del país en cuanto se conozca la sentencia. \nA raíz de la constante y masiva llegada de migrantes en forma irregular a Chile, de los cuales un porcentaje no menor se ha dedicado a delinquir en el país, provocando un grave incremento en la sensación de inseguridad en la población, el diputado por la Región de Ñuble, Cristóbal Martínez (UDI), presentó esta semana tres proyectos de ley que buscan facilitar la expulsión de los extranjeros que se encuentran privados de libertad, lo que además ayudaría a disminuir los altos niveles de hacinamiento al interior de los recintos penales.\nAl respecto, el parlamentario gremialista explicó que la primera iniciativa -y que solicitará poner en tabla en los próximos días- busca imponer al Presidente el deber de decretar, en un plazo máximo de 60 días, la expulsión inmediata de todos los migrantes que estén condenados por los delitos de robo, hurto o tráfico (Ley 20.000), recordando que ya para el año 2017 el gasto que realizaba el Estado por cada interno ascendía a los $724.000 mensuales.\n“Hace algunos días, el Ministerio Público no sólo informó que entre 2016 y 2020 aumentaron en un 355% el número de extranjeros imputados en el país, sino que también nos enteramos de graves denuncias de extorsión que están cometiendo bandas de migrantes al interior de las cárceles. Por eso es que creemos que llegó el minuto de tomar acciones concretas, y una de ellas es partir por expulsar a todos los que se encuentran condenados por delitos que no son de sangre, lo que nos permitirá descongestionar las cárceles y evitar que sigan delinquiendo desde allí”, sostuvo Martínez, quien aseguró que el proyecto obligará al Gobierno a efectuar las expulsiones en dicho plazo.\nEn esa línea, el parlamentario gremialista detalló que los otros dos proyectos consisten en aumentar el catálogo de delitos por los cuales justamente pueden ser deportados los extranjeros condenados por la justicia, de manera de incluir a quienes han cometido, por ejemplo, hurtos, robo, lesiones, tráfico, entre otros, sin importar que tengan un permiso de residencia, de manera de que sólo los migrantes que hayan participado en hechos de sangre permanezcan cumpliendo condena en Chile.\nPor último, la tercera iniciativa -explicó Martínez- busca que en los casos donde un extranjero sea condenado por los delitos establecidos en la Ley 20.000, el tribunal tendrá la obligación de sustituir el cumplimiento de la pena por la expulsión del país, negando que la persona pueda reingresar a Chile en un plazo de 20 años.\n“Estos tres importantes proyectos tienen como objetivo descongestionar de aquí a dos meses todas las cárceles de nuestro país y expulsar a cada uno de los migrantes que llegaron sólo a delinquir a Chile. Y una vez completado ese proceso, quienes se atrevan a seguir cometiendo delitos en nuestro país sabrán que deberán cumplir su condena fuera de acá, porque no vamos a seguir permitiendo que con los impuestos que pagan todos los chilenos estemos subsidiando a miles de delincuentes extranjeros”, insistió el diputado Martínez, quien finalmente emplazó al Gobierno a patrocinar los tres proyectos, señalando que “es la única alternativa que tienen en sus manos para demostrar con hechos que quieren combatir la delincuencia y la migración irregular”.\n','Diputado Martínez presenta proyecto que obliga al Gobierno a expulsar en 60 días a la mayoría de extranjeros condenados en Chile'),('https://www.chillanonline.cl/V6/dirigentes-de-los-daem-se-suman-al-proceso-servicio-local-de-educacion-punilla-cordillera-y-trabajadores-daem-realizan-reunion-visando-la-coordinacion-durante-el-traspaso-del-servicio-educativo/','Chillan online','2022-07-19','La mesa de trabajo convocada por el Seremi de Educación de Ñuble permitirá abordar las riquezas de los equipos locales y trabajar en la implementación.\nEl Servicio Local de Educación Pública (SLEP) Punilla Cordillera, encabezado por su directora ejecutiva Karina Sabattini, se reunió con las y los presidentes de las Asociaciones de funcionarios de cada una de las cinco comunas que administrará, además de la Federación de los DAEM de Ñuble, con el propósito de coordinar en conjunto con los trabajadores municipales los preparativos para el traspaso de sostenedor, que hasta el momento se realizará el 1 de enero del 2023.\nLa instancia generada gracias a la gestión del Seremi de Educación de Ñuble, el profesor César Riquelme, es considerada como única en el país y permitirá consensuar medidas que permitan poner en valor las y los trabajadores de los DAEM durante la implementación de los servicios educacionales en las comunas de San Carlos, San Fabián, Ñiquén, Pinto y Coihueco, con base a la Ley 21.040.\nEn la actividad las y los presidentes de cada asociación pudieron presentar sus equipos locales, aportando con datos imprescindibles sobre el funcionamiento de cada Departamento de Administración de Educación Municipal involucrado, además de poner en valor las características únicas de cada equipo y sus labores.\nPara Karina Sabattini, directora ejecutiva SLEP Punilla Cordillera, valoró la mesa de trabajo creada por el Seremi de Educación y la participación de los presidentes de cada una de las asociaciones DAEM, “es super importante recoger la experiencia y el trabajo realizado. Son ellos los que conocen las mejores características, las necesidades, y poder dialogar me permite tener una mayor caracterización del territorio y cómo es el funcionamiento con cada una de las particularidades. La invitación también está en mantener estas mesas de trabajo que nos permitan seguir trabajando de manera articulada en pro del funcionamiento de todo lo que son las comunidades educativas y, por supuesto, así favorecer una buena implementación del Servicio Local”.\nEl Seremi de Educación de Ñuble, profesor César Riquelme, destacó capacidad que tiene el SLEP de formar un equipo de profesionales con los conocimientos adecuados para postular proyectos en las distintas instancias de financiamiento, “Todo funciona en el marco de lo que son los proyectos, por lo tanto, todo Servicio Local, hoy día, tiene que tener un equipo potente de profesionales a cargo de esto, como: arquitectos, ingenieros, técnicos, pero también de experiencia y de manejo en lo que son estos temas. Este es un elemento que debemos considerar en la instalación del Servicio Local Punilla Cordillera”.\nPara el presidente de la Federación de los DAEM de Ñuble, Juan Díaz, “el objetivo es que el Punilla Cordillera sea el mejor Servicio Local de Chile, eso es lo que nos anima. Porque nuestras niñas y niños merecen la mejor calidad de educación. Para que ellos tengan eso estamos consensuando una serie de medidas que permitan a la nueva directora del Servicio Local contar con el capital humano adecuado, pertinente, idóneo, que tiene la expertise en la administración educacional. Eso nos tiene felices, el hecho de haber provocado esta apertura y tener esta magnífica respuesta de parte de ella y de la autoridad educacional que es nuestro Seremi de Educación”.                                   \nMinisterio de Educación – Servicio Local Punilla Cordillera\n','Dirigentes de los DAEM se suman al proceso: Servicio Local de Educación Punilla Cordillera y trabajadores DAEM realizan reunión visando la coordinación durante el traspaso del servicio educativo'),('https://www.chillanonline.cl/V6/equipo-de-administracion-directa-de-vialidad-despejo-caminos-vecinales-en-las-trancas/','Chillan online','2022-07-15','Una intensa labor desarrolló durante dos días el equipo de Administración Directa de Vialidad, que con maquinaria pesada llegó hasta el sector de Las Trancas en la comuna de Pinto, donde intervinieron caminos vecinales interiores, que si bien no son de tutela del Ministerio de Obras Públicas, gracias al decreto con Fuerza de Ley Nº22/1955 del Ministerio de Hacienda, que permite utilizar maquinaria del MOP en caminos que no son enrolados, el que fue emitido por el Delegado Presidencial de Ñuble, Claudio Ferrada, ante la emergencia que se vive en la zona por las intensas nevadas.\nEl Seremi de Obras Públicas, Paulo De la Fuente, destacó la labor cumplida por los funcionarios. “Queremos destacar al equipo de administración directa, los verdaderos ejecutores de las soluciones en terreno en la región de Ñuble. Como Ministerio hemos venido a dar solución a una serie de problemas que existía en el sector de Las Trancas, tenemos un exceso de parque vehicular, una situación pos pandémica donde hay una mayor cantidad de gente de vacaciones disfrutando, sumado a la gran cantidad de nieve caída, y con una serie de caminos que se encontraban sin acceso, cortados y en malas condiciones. Hoy día a esta hora podemos decir que el equipo de administración directa a dado solución a muchas cosas, al despeje de ruta, despeje caminos y permitir que las vacaciones que están disfrutando más de 6.000 personas en el sector de las trancas, sea agradable”, valoró la autoridad del MOP.\nEl director regional de Vialidad, Nicolás Viveros, ha estado en terreno coordinando tanto los trabajos de Administración Directa como de la empresa de contrato Global que sigue en las tareas de despeje de la Ruta a Termas de Chillán. “Hemos tenido un arduo trabajo en la zona cordillerana, y solo agradecer al equipo de la dirección de vialidad, que desde que la contingencia se ha dado, se han puesto a disposición completa de la comunidad, sacrificando muchas veces horas de descanso y tiempo con sus familiares, así que muy agradecido por toda la fuerza que se ha hecho”, destacó el director regional de Vialidad.\nRicardo Villa, jefe de administración directa de Vialidad, junto con destacar la labor de los funcionarios del MOP, también indicó que, a lo largo de la región, se sigue trabajando para cubrir la gran cantidad de situaciones que se han suscitado producto del sistema frontal que afecta a Ñuble.\n“Primero un agradecimiento a  nuestros funcionarios que desde el día de ayer hemos estado trabajando acá en la comuna de Pinto, dando solución a los vecinos para tener un libre tránsito dentro de las calles, y así no tener mayor inconveniente, y también mencionar que esto no solamente se está dando acá, también tenemos colegas que está trabajando en estos momentos en rutas de Yungay, Pinto Quirihue, en San Carlos, y otras comunas, estamos como administración directa por toda la región dando solución a los problemas que se están ocasionando en estos días”, precisó Villa.\nAdemás, en coordinación con las Delegaciones Presidenciales de Punilla, y su delegada Rocío Hizmeri; y de Itata, con el delegado Luis Cisterna; se han coordinado la activación de las cuadrillas de emergencia de empresas de contrato global, que están realizando bacheos provisorios en la ruta N-50 en el tramo entre San Nicolás y Ninhue; ruta N-224 camino Santa Filomena en Coelemu; además de despeje de nieve en la ruta N-31 en San Fabián de Alico; entre otros trabajos.\n','Equipo de Administración Directa de Vialidad despejó caminos vecinales en Las Trancas'),('https://www.chillanonline.cl/V6/gobernador-regional-reitera-necesidad-de-actuar-proactivo-ante-la-emergencia-por-intensas-nevazones/','Chillan online','2022-07-14','Una nueva visita inspectiva al sector de Las Trancas realizó esta tarde el Gobernador Regional Oscar Crisóstomo, quien constató en terreno el cumplimento de las medidas acordadas junto a los jefes de servicios públicos, durante la jornada de ayer en el Comité Operativo de Emergencias y Desastres.\nAl respecto, la autoridad señaló que sigue siendo altamente riesgoso subir al sector cordillerano bajo las actuales condiciones del tiempo y el estado de la ruta, que se mantiene con una densa capa de nieve desde el kilómetro 42 de la ruta N55.\nCrisóstomo fue enfático en señalar que  “la proactividad y atención permanente de servicios como vialidad y el propio Ministerio de Obras Públicas resulta primordial para resguardar la seguridad de los vecinos y residentes temporales del sector, que corren el riesgo de quedar aislados por las intensas nevazones que aún se registran en la zona”, precisó. Al mismo tiempo, recordó  la importancia de escuchar siempre a la comunidad y a las autoridades cuando se adoptan decisiones y medidas que tienen directa injerencia en su quehacer, pues “conocen el sector y las necesidades mejor que nadie, eso no lo podemos olvidar”.\nAd portas de un nuevo sistema frontal, la autoridad reiteró el llamado a la precaución y a evitar concurrir al sector de Las Trancas hasta que las condiciones del tiempo se estabilicen.\n','Gobernador Regional reitera necesidad de actuar proactivo ante la emergencia por intensas nevazones'),('https://www.chillanonline.cl/V6/la-secretaria-regional-ministerial-de-bienes-nacionales-en-nuble-comenzo-una-intensa-fiscalizacion-de-inmuebles-fiscales-de-uso-habitacional-que-fueron-destinadas-a-funcionarios-publicos/','Chillan online','2022-07-19','Así lo dio a conocer el Seremi Cristian Ortiz Rubio, quien detalló que se trata departamentos y casas en distintas comunas de Ñuble, que fueron entregados hace décadas a personas que ejercían labores en distintas instituciones presentes en la región como municipios, Gendarmería, PDI, Carabineros, Servicio de Salud Ñuble, entre otros.\n“Como servicio hemos iniciado una serie de fiscalizaciones en aquellos inmuebles que, en administraciones anteriores, fueron destinadas para que vivieran ciertos funcionarios públicos. Esto ocurrió cuando aún dependíamos de la Región del Bío Bío, por lo cual hemos detectado que no se realizó un seguimiento efectivo del uso de estos inmuebles, lo que ha generado que hoy tengamos viviendo en estos espacios a personas que no necesariamente son a quienes se les hizo la destinación”, dijo el Seremi.\nLo anterior, según explicó la autoridad regional, implica que estos espacios en alguna medida están siendo mal utilizados, ya que quienes viven en dichos lugares hacen uso de éstos pese a contar con las condiciones económicas para pagar una vivienda, o son funcionarios que ya jubilaron y continúan viviendo en estos espacios.\n“El objetivo de contar con estos inmuebles es ayudar a aquellos funcionarios públicos que lo necesitan, ya sea porque vienen de otras ciudades y requieren un lugar donde llegar o porque existen situaciones especiales en donde necesitan hacer uso de un espacio junto a sus familias. Sin embargo, esto no debe ser algo permanente en el tiempo, sino que debe ser por un tiempo determinado y acotado para que no ocurran este tipo de situaciones donde tenemos a personas viviendo durante décadas en espacios que nos pertenecen a todos”.\nSegún explicó Ortiz, en el catastro que se trabaja existen 29 inmuebles, entre casas y departamentos, que están siendo utilizados por terceros en comunas como Chillán, San Carlos, Ránquil y Coelemu.\n“Nuestro equipo ha identificado inmuebles en distintas comunas y hemos iniciado el proceso de fiscalización para determinar cuáles podemos recuperar. Actualmente en nuestra región existe poca disponibilidad de propiedad fiscal, por lo que esta es una buena instancia para poder ampliar nuestro catastro y poder de esta forma apoyar a aquellos funcionarios y funcionarias que realmente necesitan una ayuda, y no para quienes consideran estos inmuebles como casi propios al no haber sido durante años fiscalizados”, concluyó Ortiz.\n','La Secretaría Regional Ministerial de Bienes Nacionales en Ñuble comenzó una intensa fiscalización de inmuebles fiscales, de uso habitacional, que fueron destinadas a funcionarios públicos'),('https://www.chillanonline.cl/V6/nieve-caida-en-nuble-llega-a-niveles-historicos-y-hoy-supera-los-3-metros-acumulados/','Chillan online','2022-07-18','Tres metros 7 centímetros de nieve, esta es la última cifra que entrega la estación niviométrica Volcán Chillán de la Dirección General de Aguas (DGA) dependiente del Ministerio de Obras Públicas, una cifra sumamente positiva para hacer frente a la sequía que afecta al país, y alcanza niveles históricos de caída de nieve en la cordillera de Ñuble. Así lo confirmó el Seremi de Obras Públicas de la región, Paulo De la Fuente, quien entregó detalles de lo ocurrido el fin de semana.\nDe la Fuente Paredes precisó que “sobre el informe hídrico de nuestra región de Ñuble, que nos entregan los profesionales de la dirección general de aguas, indicar que hoy tenemos un acumulado de 3 metros 7 centímetros de nieve en la estación niviométrica Volcán Chillán, superando el promedio normal entre los años 1991-2020, que era de 120 centímetros”.\nSobre las precipitaciones, el seremi del MOP indicó que “entre viernes y domingo precipitaron 38.4 milímetros, llegando a un acumulado anual de 579 milímetros, esto es, un 50% más de lluvias que el año 2021, pero mantenemos el déficit que llega a menos 3.1%. El embalse Coihueco presenta un llenado de 19 millones de metros cúbicos.”, sostuvo el Seremi.\nEste sistema frontal, también trajo consigo que todas las direcciones a cargo del Ministerio de Obras Públicas, estuvieran en alerta y trabajando en diferentes tareas. La Dirección de Obras Hidráulicas, DGA y en especial Vialidad, se desplegaron en diferentes tareas, aunque hubo especial cuidado con lo que ocurre en el sector de Las Trancas en Pinto, donde la población flotante ha superado con creces las 9 mil personas, quienes llegan de distintas ciudades y países, a disfrutar de la nieve.\n“Debo agradecer el tremendo trabajo de nuestros funcionarios del MOP. A través de la DOH atendimos dos afectaciones a Sistemas Sanitarios Rurales en San Fabián y Coelemu respectivamente; nuestra DGA ha monitoreado el estado de los cauces, y finalmente, Vialidad ha tenido un especial trabajo que ha sido vital para mantener la conectividad de la región, principalmente en la cordillera de Pinto, donde tenemos una población flotante que supera las 10 mil personas, lo que ha generado congestión en la vía, sumado a la alta cantidad de nieve y la porfía de muchos turistas que, haciendo caso omiso a lo que las autoridades hemos solicitado, no usan cadenas, se estacionan en la ruta, generando problemas de congestión”, dijo De la Fuente Paredes.\nEl seremi agregó que “las maquinarias de la empresa global no se han detenido, y los horarios de corte de ruta nos ha permitido trabajar de forma más expedita en el despeje de la nieve de la ruta, así como en la generación de bahías en zonas de acumulación de nieve, para que las personas puedan detenerse ahí, y no en medio del camino. Hoy las rutas están expeditas, pero el llamado a conductores es a conducir con precaución debido al proceso de descongelamiento que hace que el camino se torne más resbaladizo, por eso sigue siendo importante el uso de cadenas, sobre todo en vehículos con tracción simple. También actuamos en caminos vecinales, con nuestro equipo de Administración Directa, esto gracias a un decreto especial emitido por el Delegado, cumpliendo el compromiso que adquirimos de despejar principalmente el camino a Shangrilá y los caminos laterales Los Robles y los canelos. Agradecemos el apoyo que nos ha prestado en todas estas labores carabineros de la Tenencia Las Trancas, haciendo un trabajo colaborativo”, preció la autoridad del MOP.\nTambién, el seremi indicó que se ha trabajado en despeje de rutas con nieve en San Fabián de Alico, Minas del Prado en Coihueco y en el sector cordillerano de Yungay. A la par, la autoridad solicito un análisis del estado de caminos en las 21 comunas, donde se han producido varias denuncias por baches en vías asfaltadas y hoyos en caminos rurales de ripio o tierra, los que están siendo atendidos por las empresas de contrato global como por Administración Directa de Vialidad Ñuble.\n','Nieve caída en Ñuble llega a niveles históricos y hoy supera los 3 metros acumulados'),('https://www.chillanonline.cl/V6/prochile-nuble-presentara-vinos-regionales-en-paises-del-sudeste-asiatico-2/','Chillan online','2022-07-15','Los vinos patrimoniales de 10 viñas y bodegas seleccionadas serán presentados en tres países de la Asociación de Naciones de Asia Sudoriental.\nChillán, 15 de julio de 2022.- ProChile Ñuble dio a conocer los resultados de una de sus convocatorias, la cual busca promover la exportación y comercialización de los vinos producidos en el Valle del Itata, en base a cepas patrimoniales, de calidad y con un relato en base a la tradición vitivinícola de la región de Ñuble, en los mercados de Indonesia, Malasia y Vietnam.\nEsta iniciativa está enmarcada en el programa denominado “Internacionalización Vitivinícola del Valle del Itata y de sus Zonas de Rezago”, financiado por el Gobierno Regional de Ñuble a través de un FNDR y tiene por objetivo, expandir la oferta local en distintos mercados internacionales.\nEl gobernador regional de Ñuble, Oscar Crisóstomo Llanos, se refirió a esta convocatoria. “Vemos como el trabajo de internacionalización de Ñuble y la visita de los embajadores del ASEAN están dando sus frutos, ya que 10 empresas exportadoras de vino de la región podrán ir a presentar, a países del Sudeste Asiático, sus productos en base a cepas patrimoniales del Valle del Itata. Tenemos un relato y una historia que contarle al mundo, queremos abrir nuestra región, a que conozcan nuestros productos y con ello generar oportunidades de negocios a pymes y emprendedores; por eso desde el Gobierno Regional hemos impulsado esta promoción vitivinícola para que junto con potenciar su producción abramos nuevos canales de comercialización”, enfatizó.\nLas 10 empresas seleccionadas son: Viña Zaranda, Juan Segura Wines, Viña Díaz de Itata, Viña Itata Paraíso, Viña Tierra y Sangre, Bodega Massoc Frères, Viña Altos del Itata, Viña Gustavo Martínez, Bodega Milanese y Vinos Mingaco, quienes tendrán la posibilidad de dar a conocer sus vinos a través de una cata semipresencial con importadores, expertos del mundo del vino, además de dueños de tiendas y bares.\nUna de las empresas seleccionadas, la viña “Díaz de Itata de Portezuelo”, en nombre de su productora, Paloma Díaz, comentó que “nos interesó participar porque Vietnam, Indonesia y Malasia son mercados atractivos para los vinos chilenos, donde es importante dar a conocer las cepas que identifican al Valle del Itata, como Moscatel de Alejandría, con la que elaboramos nuestro vino La Temporera”.\n“Como resultado esperamos que en la masterclass puedan apreciar que tenemos una oferta distinta a otras variedades más conocidas, con vinos muy versátiles y de buena calidad, que además provienen de viñedos con más de cien años de antigüedad y de producciones familiares. Esperamos que en esos países puedan valorar todas esas características”, añadió.\nEl director regional de ProChile (S), Cristian Pavez, se refirió a las oportunidades que tendrán los vinos de la región en cada mercado: “En cada país estamos apuntando a un objetivo distinto, por ejemplo, en Vietnam los vinos embotellados y con denominación de origen son uno de los productos principales de importación, en tanto, en Malasia, la demanda de estos productos no solo se produce por parte de los consumidores nacionales sino que también por parte de los turistas que viajan a este país, y en el caso de Indonesia las principales cepas de nuestra región no se conocen mucho, pero esta será una instancia ideal para mostrarlas”. \n“La idea es presentar que Chile cuenta con vinos diferentes a los que se conocen regularmente a nivel mundial, que existe un Valle como el Itata, con otra propuesta y que rompe el esquema de la cepa tradicional francesa. Esto ha atraído conocedores internacionales del vino a nuestra zona”, señaló. \nDe esta forma es como la oficina regional de ProChile Ñuble, junto al apoyo del Gobierno Regional de Ñuble, continúan promoviendo la exportación de vinos de nicho de Ñuble a distintos mercados internacionales.\n','ProChile Ñuble presentará vinos regionales en países del Sudeste Asiático'),('https://www.chillanonline.cl/V6/quinchamali-en-la-recta-final-para-ingresar-a-la-lista-de-salvaguardia-urgente-de-la-unesco/','Chillan online','2022-07-15','A fines de noviembre el Comité Intergubernamental de la Unesco  se reunirá para definir las nuevas expresiones de patrimonio cultural inmaterial que ingresarán a las listas de patrimonio cultural inmaterial del mundo. Allí se definirá si la alfarería de Quinchamalí y Santa Cruz de Cuca será parte de la Lista de Salvaguardia Urgente que permitirá gestionar recursos internacionales para resguardar su práctica.\nSin embargo, Chile no esperará la respuesta del organismo internacional para trabajar a favor de la tradición alfarera. A través de la Mesa Regional para la Salvaguardia, las artesanas y diversos servicios públicos ya se encuentran aplicando el Plan comprometido ante la Unesco. “Este es un compromiso de Estado tal como lo ha mandatado nuestro presidente Gabriel Boric. Por ello ponemos a disposición todos nuestros esfuerzos y herramientas en esta Mesa que está formada por 18 servicios públicos, en una experiencia inédita en el país para la protección de nuestro patrimonio cultural inmaterial”, explicó el delegado presidencial regional de Ñuble, Claudio Ferrada Alarcón.\n“Como Ministerio de las Culturas, las Artes y el Patrimonio venimos trabajado con la comunidad alfarera desde 2015 en este largo proceso de diagnóstico, registro y puesta en valor y seguiremos trabajando para que la alfarería de Quinchamalí y Santa Cruz de Cuca pueda ser transmitida a las futuras generaciones, sea valorada social y económicamente, se puedan asegurar sus materia primas y, sobre todo, se realice en mejores condiciones para que las artesanas no enfermen al momento de practicar nuestro patrimonio inmaterial”, enfatizó la seremi de las Culturas, las Artes y el Patrimonio de Ñuble, Scarlet Hidalgo Jara.\nLa Mesa para la Salvaguardia, presidida por el delegado presidencial regional, y coordinada por la Seremi de las Culturas, las Artes y el Patrimonio, sesionó el pasado 13 de julio en la Escuela de Quinchamalí. En la oportunidad, expuso la Subdirectora Nacional (s) de Patrimonio Cultural Inmaterial del Servicio del Patrimonio, Cristina Gálvez, y las autoridades pudieron revisar los compromisos asumidos por cada cartera, los avances de cada uno de ellos y definir las acciones a realizar este 2022. “Tenemos claridad de que el expediente técnico que envió el Estado de Chile en marzo de 2021 está completo y que a fines de noviembre y principios de diciembre se tomará la decisión por parte del Comité Intergubernamental de la Convención para la Salvaguardia del Patrimonio Inmaterial de la Unesco. Ahora nos corresponde realizar un trabajo diplomático para que los países miembros del Comité conozcan en profundidad este patrimonio cultural inmaterial en riesgo”, explicó la subdirectora.\nEn la reunión participaron las alfareras Mónica Venegas, Edelmira Montti, Eugenia Sepúlveda, Marcela Muñoz y Nayadet Nuñez. “Fue una reunión maratónica, donde las nuevas autoridades se pusieron al corriente de lo que hemos estado trabajando estos dos últimos años. Quedamos conformes con los compromisos a seguir y estamos pendiente de llevar el registro de los avances”, enfatizó Mónica Venegas.\nTambién estuvieron presentes en la Mesa los seremis de Bienes Nacionales, Cristian Ortiz, Desarrollo Social, Marta Carvajal, Economía, Erick Solo de Zaldívar, Justicia, Elizabeth Riquelme, Medio Ambiente, Mario Rivas, y Salud, Ximena Salinas. Dentro de los servicios públicos convocados participaron los directores de Patrimonio, José Pedro Urzúa, Servicio de Salud Ñuble, Elizabeth Abarca, Sernatur, Heidi Inostroza. Además, estuvieron los representantes del Gobierno Regional, Seremi del Trabajo, Seremi de Educación, Senama, Fosis, Indap y el equipo de la Municipalidad de Chillán, liderados por la encargada de la Unidad de Patrimonio, Karin Cárdenas Leal.\n “El trabajo que se realiza en torno al resguardo y puesta en valor de los saberes y conocimientos de la alfarería de Quinchamalí y Santa Cruz de Cuca es, para nuestro municipio, un esfuerzo que continúa día a día y que hoy se grafica en una serie de compromisos de diferentes direcciones que se encuentran en constante estado de avance. De esta forma, trabajando en conjunto y de manera organizada, podemos generar estrategias que hagan de nuestra tradición alfarera una herencia para las futuras generaciones”, señaló Karin Cárdenas, encargada de la Unidad de Patrimonio de la Municipalidad de Chillán.\n','Quinchamalí en la recta final para ingresar a la Lista de Salvaguardia Urgente de la Unesco'),('https://www.chillanonline.cl/V6/sag-aumenta-aporte-de-controlador-de-lobesia-botrana-a-pequenos-vinateros-y-productores-de-arandano-de-nuble/','Chillan online','2022-07-15','“En esta temporada, serán 931 predios los que recibirán la totalidad de confusores sexuales que requieren para enfrentar la plaga de Lobesia botrana, por lo que SAG beneficiará al 95% de los viñedos y huertos que se encuentran dentro de las áreas bajo control, muchos de los cuales pertenecen a la Agricultura Familiar Campesina”, informó el Director Regional subrogante del SAG, Roberto Ferrada al visitar los predios de la productora Alejandrina Jara en el sector El Casino y de viñatero Miguel Escobar en la localidad de San Eduardo.\nLos emisores de confusión sexual son pequeños dispositivos plásticos que se instalan en las vides y en los árboles frutales. Emiten una feromona sintética que desorienta al macho, impidiendo que se encuentre con la hembra para reproducirse, con resultados muy positivos en la disminución del impacto de la plaga. Son inocuos para el medio ambiente, las personas y animales.\nUn total de 981 predios recibirán estos dispositivos durante la temporada en la Región de Ñuble. En el caso de los viñedos hasta 20 ha y los huertos de arándano con superficie máxima de 5 ha, que alcanzan a 931, recibirán el 100% de los emisores de confusión sexual. Sus titulares deben efectuar la instalación de los dispositivos entre finales de agosto y mediados de septiembre, para lo cual inspectores del SAG enseñan la forma adecuada de colocarlos y posteriormente fiscalizan el cumplimiento de la medida.\nLos 50 predios restantes, que tienen mayor extensión, participarán del programa mediante el sistema de reparto compartido, mediante el cual el SAG aporta un porcentaje de la confusión sexual y los productores deben adquirir los demás emisores.\nDe esta forma, durante este año el SAG aportará dispositivos que alcanzan a 1.445 hectáreas en la región en las áreas de control de la plaga.\n','SAG aumenta aporte de controlador de Lobesia botrana a pequeños viñateros y productores de arándano de Ñuble'),('https://www.chillanonline.cl/V6/san-nicolas-suma-inversiones-por-mas-de-3500-millones-con-apoyo-del-gobierno-regional-de-nuble/','Chillan online','2022-07-18','·         Hoy se firmó el convenio para la reposición del edificio consistorial municipal que implica una inversión de $3.219 millones de los cuales el Gobierno Regional aportará el 50%. Además, se concretará la adquisición de una motoniveladora para dar pronta respuesta a los requerimientos de mejoras de caminos a los vecinos.\nLa reposición de las dependencias municipales y la compra de una motoniveladora para la mantención de caminos podrá concretar la comuna de San Nicolás gracias a la firma de dos convenios que se realizó esta mañana entre el Gobernador Regional Óscar Crisóstomo y el alcalde de San Nicolás, Víctor Hugo Rice por un total de $3.530 millones.\nFue en el Casino Municipal, con motivo de la capacitación que realiza el Gobierno Regional a las organizaciones sociales para las postulaciones de las subvenciones del 7%, donde se selló el acuerdo que permitirá construir el edificio consistorial de aproximadamente 1.990 m2 distribuidos en tres niveles para prestar atención a los más de 12.000 habitantes de San Nicolás. La obra se levantará en el terreno donde actualmente se encuentra funcionando la municipalidad y permitirá mejorar las condiciones de hacinamiento que viven los funcionarios municipales. La inversión alcanza los $3.219 millones de los cuales la Subsecretaría de Desarrollo Regional y Administrativo, Subdere, financiará el 50%. \nAdemás, se concretará el traspaso de recursos para la reposición de una motoniveladora para la mantención de caminos a través de una inversión de $311 millones.\nEl Gobernador Crisóstomo indicó que con motivo del inicio de las jornadas de capacitación que desarrollará el Gobierno Regional y que comenzaron en San Nicolás, “hemos querido firmar los convenios de dos grandes proyectos, primero una máquina niveladora,  sabemos la necesidad que tienen los caminos y las comunas para que nuestros habitantes puedan transitar por ellos, sobre todo estas últimas semanas a propósito del frente climático que hemos tenido y que ha sido tremendamente duro, por lo tanto, estamos haciendo una apuesta para que los municipios puedan tener mejores herramientas para responder más rápido a sus comunidades”.\n“El segundo punto tiene que ver con la reposición del municipio de San Nicolás, entendemos que muchos municipios quieren tener una casa acorde a las necesidades que tienen tanto la comunidad como los trabajadores y funcionarios, en ese marco es que hemos decidido financiar este proyecto y lo vamos a hacer en conjunto con la Subdere de nivel nacional, cada uno va a aportar el 50%, son más de 3.000 millones de pesos que aportaremos en conjunto”, afirmó la autoridad regional.\nDe igual modo el alcalde Rice, aseguró que con estos recursos se podrá “comenzar con esta obra maravillosa que va a servir para atender mejor a la gente, que los funcionarios municipales estén más confortables en sus oficinas porque el edificio que tenemos es muy antiguo, no reúne las condiciones tanto para el personal como para las personas que llegan ahí”. Añadió también que “el convenio que firmamos para una nueva motoniveladora que llega a nuestra comuna, por lo tanto, vamos a tener dos motoniveladoras para arreglar nuestros caminos así que la gente que tenga paciencia y confianza en nosotros”.\nA su vez, la presidenta de la Junta de Vecinos N° 1 de San Nicolás, Aurita López, sostuvo que estos recursos “nos va a servir a toda la comunidad aun a las personas que vienen de paso que hacen consultas y para todas las familias, es algo maravilloso y ojalá que lo sepamos valorar y agradecer porque muchos años que se necesitaban todas estas cosas para ir mejorando nuestra comuna”.\nCabe señalar que actualmente la municipalidad funciona en cuatro edificios disgregados entre sí lo que implica incomodidad para los usuarios debido a las demoras y costos de traslado además de las condiciones de espacio con las que trabajan los funcionarios municipales.\n','San Nicolás suma inversiones por más de $.3500 millones con apoyo del Gobierno Regional de Ñuble'),('https://www.chillanonline.cl/V6/se-actualiza-alerta-temprana-preventiva-para-la-region-del-nuble-por-evento-meteorologico/','Chillan online','2022-07-16','De acuerdo con lo informado por la Dirección Meteorológica de Chile (DMC), mediante la Actualización de su Aviso Meteorológico A298-1/2022, se prevén precipitaciones normales a moderadas en corto periodo de tiempo en la zona de precordillera y cordillera de la Región de Ñuble, entre la tarde y noche de mañana domingo 17 de julio. \nAdicionalmente, la DMC prevé los siguientes montos de precipitaciones, viento e isoterma 0°C para la madrugada y mañana de hoy.\nPrecipitaciones (mm)\nViento (km/h)\nIsoterma cero (m.s.n.m.)\nEn consideración a estos antecedentes, la Dirección Regional de ONEMI Ñuble \n, por evento meteorológico, que se encuentra vigente desde el 12 de julio. \nLa actualización de esta alerta, se constituye como un estado de reforzamiento de la vigilancia, mediante el monitoreo preciso y riguroso de las condiciones de riesgo y las respectivas vulnerabilidades asociadas a la amenaza, coordinando y activando al Sistema Nacional de Prevención y Respuesta ante Desastres con el fin de actuar oportunamente frente a eventuales situaciones de emergencia.\n','Se actualiza Alerta Temprana Preventiva para la región del Ñuble por evento meteorológico'),('https://www.chillanonline.cl/V6/sec-y-ministerio-de-energia-recuerdan-medidas-para-un-uso-seguro-de-las-estufas-en-los-hogares-por-bajas-temperaturas/','Chillan online','2022-07-15','En el contexto de las bajas temperaturas pronosticadas para gran parte del país, tras el paso del sistema frontal, la Superintendencia de Electricidad y Combustibles (SEC) y el Ministerio de Energía, recordaron la importancia de adoptar medidas de autocuidado al utilizar las estufas como medio de calefacción y prevenir situaciones de riesgo como fugas de gas o presencia de monóxido de carbono en el ambiente.\nLas autoridades señalaron, entre otros consejos, que los artefactos a parafina deben ser encendidos y apagados fuera de casa, salvo que posean un sistema automático, lo que debe estar indicado por el fabricante en el manual. En el caso de los equipos a gas hay que verificar la fecha de vencimiento del regulador y el flexible, los que deben estar en buen estado y poseer el SELLO SEC vigente. \nEstas estufas no deben estar expuestas a corrientes de aire directas ya que podría generar que la llama se apague, junto con la importancia de verificar durante su uso que el color de esta sea azul. Si esta es intermitente o de otro color, podría ser un síntoma de mal funcionamiento.\nTambién las familias deben adoptar medidas que permitan una correcta ventilación de los espacios en las viviendas mientras las estufas a gas o kerosene esté en operación, reiterando que no se recomienda ubicarlas en baños, dormitorios o cocinas. Si la opción es usar estufas eléctricas, estas deben contar con SELLO SEC, no sobrecargar alargadores –o “zapatillas”– y no deben utilizarse en baños.\n, indicó que “en el invierno, y particularmente ante las bajas temperaturas como las pronosticadas para varias regiones del país, el uso de elementos de calefacción aumenta. Por ello, es clave que las familias tomen las medidas que ayuden a reducir situaciones de riesgo como fugas de gas o presencia de monóxido de carbono”.\nPor su parte, \n, señaló que “el monóxido de carbono se genera durante la combustión y es un gas venenoso, imperceptible, invisible, sin olor y silencioso, que puede generar síntomas, en caso de intoxicación, como dolores de cabeza, mareos, náuseas, debilitamiento general e incluso la muerte”.\nDesde la SEC resaltaron que los artefactos que ya estén operando en los hogares deben someterse a revisiones para verificar su correcto funcionamiento, lo que puede realizarse con el servicio técnico de cada marca o con personal autorizado. En el caso de las instalaciones interiores de gas, estas también deben estar en buen estado y toda reparación o modificación debe efectuarla alguien que cuente con la autorización correspondiente.\nSi las familias requieren comprar una estufa nueva, el llamado es a adquirirla en el comercio establecido y verificar que tenga en un lugar visible y de fácil lectura su respectivo SELLO SEC, distintivo que acredita que ha sido sometido a pruebas para un uso seguro en las viviendas.\nEn caso de requerir conectar un cilindro de gas a una estufa, no se debe retirar el sello de seguridad con elementos cortantes, como cuchillos o tijeras, ya que podría dañar la válvula. Tampoco se debe posicionar el cilindro, durante su uso, en posición horizontal.\nAsimismo, el Ministerio de Energía y la SECrecordaronque en el sitio \n, disponible incluso desde celulares, la comunidad puede revisar una serie de recomendaciones ingresando a la sección “Consejos de Calefacción” para el uso seguro y responsable de estufas, tanto eléctricas, como las que operan con gas o kerosene. También está disponible el sitio \n donde se muestran las formas más eficientes de calefacción.\nPor último, la invitación es a seguir la cuenta oficial de la SEC en Instagram (\n), donde la ciudadanía podrá acceder a información útil y consejos de seguridad para el uso de los energéticos, lo que se suma a nuestros perfiles disponibles en Twitter (\n) y Facebook, como Superintendencia SEC.\n','SEC y Ministerio de Energía recuerdan medidas para un uso seguro de las estufas en los hogares por bajas temperaturas'),('https://www.chillanonline.cl/V6/sence-mejorara-las-oportunidades-laborales-de-nublensinosas-con-14-cursos-gratuitos/','Chillan online','2022-07-19','Son 280 cupos distribuidos en ocho comunas los que dispone el organismo público.\nUn total de 280 personas de ocho comunas de la región de Ñuble, se beneficiarán con los 14 cursos gratuitos que ofrece el Servicio Nacional de Capacitación y Empleo – Sence, a través del Programa Reinvéntate.\nLas áreas de formación serán sobre Estrategias para la Comercialización y Atención de Clientes en Sector Comercio, Operación de Excavadora Compacta y Actividades Auxiliares en Montaje de Estructuras Industriales, disponibles para las comunas de Chillán, El Carmen, Pemuco, Quillón, San Ignacio, Bulnes, Chillán Viejo y Yungay.\nEl beneficio tiene como objetivo mejorar y potenciar las habilidades de las personas que deseen ingresar o mantener un empleo en el sector comercio y servicios, como también capacitar a quienes quieran convertirse en operador de maquina pesada.\nLa Seremi del Trabajo y Previsión Social en Ñuble, Natalia Lépez Hermosilla, destacó la política de capacitación permanente que promueve el gobierno y al mismo tiempo llamó a los habitantes de las ocho comunas ñublensinas a aprovechar este servicio gratuito.\n“Queremos invitar a la comunidad de Ñuble a postular en el Programa Reinvéntate que es para personas que se encuentran actualmente cesantes y el fin es poder otorgarles herramientas para que encuentren un nuevo empleo o desarrollarse de manera independiente”, comentó la autoridad de gobierno.\nPor su parte el director del Sence Ñuble, Rodolfo Zaror Zaror, explicó que los cursos están dirigidos a hombres y mujeres mayores de 18 años, que estén desempleados(as) y que busquen especializarse y actualizar conocimientos en distintas áreas, transformando de esta manera el tiempo de desempleo para que sea menor y además tengan mejores oportunidades laborales.\nLas personas interesadas que necesiten más información o postular, deberán ingresar a la página \n','Sence mejorará las oportunidades laborales de ñublensinos(as) con 14 cursos gratuitos'),('https://www.chillanonline.cl/V6/seremi-de-salud-clausura-sitio-de-acopio-y-quema-de-basuras-y-escombros/','Chillan online','2022-07-15','La Autoridad Sanitaria de Ñuble clausuró un recinto irregular de acopio de basura y escombros, ubicado al suroriente de Chillán, luego de recibir denuncias ciudadanas que indicaron quemas no autorizadas de residuos domiciliarios. La fiscalización fue encabezada por Ximena Salinas, seremi de Salud, quien constató en terreno focos de quema de desechos, que, por su naturaleza, constituyen un foco de atracción y proliferación de vectores de interés sanitario (roedores y moscas), precisó la seremi Salinas, añadiendo que se evidenció, además, emanación de malos olores y contaminación ambiental, transgrediendo “toda normativa sanitaria legal vigente”.\n“Nuestro rol es proteger la salud de las personas, y es por ello que ejercimos nuestras facultades para evitar riesgos sanitarios, además de solicitar las medidas correctivas que permitan la suspensión de emanaciones con potencial dañino a las comunidades adyacentes”, afirmó Salinas.\nLa titular de Salud en Ñuble, puntualizó que se indicó (vía acta de fiscalización) al propietario, ejecutar acciones correctivas correspondientes, para controlar las emisiones contaminantes, disponiendo para ello, de un cronograma de trabajo.\nMarcela Cuadra, jefa del Departamento de Acción Sanitaria, complementó que las anomalías detectadas, infringen los artículos 78, 79 y 80 del DFL 725/68 Código Sanitario; DS 594/99 Reglamento sobre condiciones de trabajo; DS 48/15 del Ministerio del Medioambiente, éste al considerar lo establecido en el Plan de Prevención y Descontaminación Atmosférica (PPDA) para las comunas de Chillán y Chillán Viejo; y DS 144/61 del Ministerio de Salud (Minsal), que establece normas para evitar emanaciones o contaminantes atmosféricos de cualquier naturaleza.\nPor lo anterior, se inició un sumario sanitario, estableciéndose la prohibición de recepción de basura y escombros, y el retiro de esos elementos a un terreno autorizado para la acumulación de residuos, decretándose la clausura del recinto.\n','Seremi de Salud clausura sitio de acopio y quema de basuras y escombros'),('https://www.chillanonline.cl/V6/sismo-de-menor-intensidad-en-las-regiones-de-nuble-y-biobio%ef%bf%bc/','Chillan online','2022-07-16','Un sismo de menor intensidad se percibió a las 18:33 horas en las regiones de Ñuble y Biobío. Las intensidades en escala de Mercalli son:\nA través del Sistema Nacional de Prevención y Respuesta ante Desastres se evalúan eventuales daños a personas, alteración a servicios básicos o infraestructura producto de este sismo.\n(PRELIMINAR) El Centro Sismológico Nacional indica que la magnitud del sismo fue 4.4 localizado a 15 Kms al Este de Los Ángeles.\n','Sismo de menor intensidad en las regiones de Ñuble y Biobío'),('https://www.chillanonline.cl/V6/trabajadores-jovenes-triplican-a-personas-mayores-ocupadas-de-65-anos-o-mas-en-nuble/','Chillan online','2022-07-15','• En el último trimestre representan aproximadamente el 18% del total de personas ocupadas en la región de acuerdo al Termómetro Laboral de julio, que entrega un completo análisis del mercado del trabajo de la región.\n¿Existe recambio de trabajadores en Ñuble? El mercado del trabajo muestra que en el último trimestre marzo-abril-mayo los ocupados jóvenes entre 15 y 29 años triplican a las personas de 65 o más años respecto del total de ocupados de la región, según constata la edición de julio del Termómetro Laboral.\n“De acuerdo a cifras de fuentes estadísticas oficiales, la proporción de ocupados y ocupadas de Ñuble es más amplia en favor de los jóvenes, quienes representan el 17,8%, a diferencia de los adultos mayores que solo alcanzan un 6,5%”, indicó Bernardo Vásquez, director del Observatorio Laboral del SENCE de Ñuble y ejecutado por la Facultad de Ciencias Empresariales de la Universidad del Bío-Bío.\nDe todas formas, el tramo de edad con mayor tasa de participación en último trimestre fue el de los 30 a 44 años, situación que contrasta con una caída de dicha tasa en las personas entre los 45 a 59 años.\nPero esos indicadores no son los únicos en la composición de la fuerza de trabajo. De acuerdo al boletín mensual del observatorio ñublensino se observa un alza de 3,8% en el número de los asalariados privados en un año, mientras el incremento de los asalariados públicos llegó solo al 0,5% en igual periodo.\nPor su parte, la seremi del Trabajo y Previsión Social, Natalia Lépez, destacó que la tasa de participación según sexo en Ñuble en un año presenta un alza de 0,8 puntos porcentuales en hombres y de 2,6 en las mujeres.\n“La participación laboral ha mejorado desde mediados de 2020, llegando a cifras similares a finales del 2019. Esto sin duda ha sido impulsado por la mayor participación femenina, que es un aspecto relevante para nuestro Gobierno”, comentó por el análisis de la evolución contenida en el Termómetro Laboral del séptimo mes del año.\nEn cuanto al nivel de formación de las personas, el director regional de Sence, Rodolfo Zaror, dijo que el boletín resalta un aumento de la tasa de ocupación en la mayoría de los niveles educaciones en los últimos 12 meses. Sin embargo, agregó, las cifras también muestran que existen rezagos en las personas con educación básica incompleta o menos entre los años 2020 y 2022.\nA su vez, el analista del Observatorio Laboral de Ñuble, Miguel Hernández, señaló que por segundo mes consecutivo el boletín muestra indicadores regionales obtenidos del Sistema de Análisis de Bolsas de Empleo (SABE), proyecto que recopila y estandariza información procedente de varios portales de búsqueda en internet en Chile.\n“Los conductores de automóviles, taxis y camionetas encabezaron los Top 10 de ocupaciones con más vacantes en Ñuble, un total de 7 avisos en la Región de Ñuble requiere una cantidad de 138 cupos en mayo con un rango de sueldo que va entre $761.750 a los 785.250” y con 3 años de experiencia previa, comentó el analista.\nLa edición completa del Termómetro Laboral de julio se puede consultar y descargar en el portal del Observatorio Laboral Nacional del Sence (https://www.observatorionacional.cl/publicaciones/2626).\n','Trabajadores jóvenes triplican a personas mayores ocupadas de 65 años o más en Ñuble'),('https://www.meganoticias.cl/nacional/379541-ipc-chile-mayo-2022-inflacion-en-chile-08-06-2022.html','mega','2008-05-22','TEXTO','Inflación acumulada más alta en 28 años: IPC anota alza de 1,2%');
/*!40000 ALTER TABLE `noticia` ENABLE KEYS */;
UNLOCK TABLES;

--
-- Table structure for table `persona`
--

DROP TABLE IF EXISTS `persona`;
/*!40101 SET @saved_cs_client     = @@character_set_client */;
/*!40101 SET character_set_client = utf8 */;
CREATE TABLE `persona` (
  `id_persona` int(11) NOT NULL AUTO_INCREMENT,
  `nombre` varchar(256) DEFAULT NULL,
  `profesion` varchar(256) DEFAULT NULL,
  `nacionalidad` varchar(16) DEFAULT NULL,
  `fecha_de_nacimiento` date DEFAULT NULL,
  `pagina_wikipedia_url` varchar(256) DEFAULT NULL,
  PRIMARY KEY (`id_persona`),
  UNIQUE KEY `nombre` (`nombre`)
) ENGINE=InnoDB AUTO_INCREMENT=82 DEFAULT CHARSET=utf8mb4;
/*!40101 SET character_set_client = @saved_cs_client */;

--
-- Dumping data for table `persona`
--

LOCK TABLES `persona` WRITE;
/*!40000 ALTER TABLE `persona` DISABLE KEYS */;
INSERT INTO `persona` (`id_persona`, `nombre`, `profesion`, `nacionalidad`, `fecha_de_nacimiento`, `pagina_wikipedia_url`) VALUES (1,'hola soy german','youtuber','chilena',NULL,'https://es.wikipedia.org/wiki/Germán_Garmendia#:~:text=Germán%20Alejandro%20Garmendia%20Aranis%20(Copiapó,más%20adelante%20también%20a%20JuegaGerman.'),(2,'San Ignacio',NULL,NULL,NULL,NULL),(3,'San Nicolás',NULL,NULL,NULL,NULL),(4,'Claudio Arrau del Teatro Municipal de Chillán',NULL,NULL,NULL,NULL),(5,'Luis Cruz Martínez','militar','chileno','1866-01-01','https://es.wikipedia.org/wiki/Luis_Cruz_Mart%C3%ADnez'),(6,'Claudio Guíñez Pacheco',NULL,NULL,NULL,NULL),(7,'Nicolás Cataldo','profesor de historia y ciencias sociales','chileno','1984-01-01','https://es.wikipedia.org/wiki/Nicol%C3%A1s_Cataldo'),(8,'Mario Rivas Peña',NULL,NULL,NULL,NULL),(9,'Guillermo Yeber Rodríguez',NULL,NULL,NULL,NULL),(10,'Óscar Crisóstomo','político','chileno','1981-01-01','https://es.wikipedia.org/wiki/%C3%93scar_Cris%C3%B3stomo'),(11,'Luis Alberto Hernández',NULL,NULL,NULL,NULL),(12,'Manuel Pino','abogado','peruano','1827-01-01','https://es.wikipedia.org/wiki/Manuel_Pino'),(13,'Ana María Pedreros',NULL,NULL,NULL,NULL),(14,'Fundación Reforestemos',NULL,NULL,NULL,NULL),(15,'Rodrigo Orrego',NULL,NULL,NULL,NULL),(16,'Roberto Ferrada',NULL,NULL,NULL,NULL),(17,'Luis García',NULL,NULL,NULL,NULL),(18,'Jorge González',NULL,NULL,NULL,NULL),(19,'Martín Figueroa',NULL,NULL,NULL,NULL),(20,'Patricio Lagos',NULL,NULL,NULL,NULL),(21,'Pedro Álvarez',NULL,NULL,NULL,NULL),(22,'Marcela Ledesma',NULL,NULL,NULL,NULL),(23,'Claudio Ferrada','abogado','chileno','1986-01-01','https://es.wikipedia.org/wiki/Claudio_Ferrada'),(24,'Paulo De la Fuente',NULL,NULL,NULL,NULL),(25,'Cristian Matus',NULL,NULL,NULL,NULL),(26,'Coronel David López',NULL,NULL,NULL,NULL),(27,'Cristóbal Martínez','ingeniero comercial','chileno','1984-01-01','https://es.wikipedia.org/wiki/Crist%C3%B3bal_Mart%C3%ADnez'),(28,'Karina Sabattini',NULL,NULL,NULL,NULL),(29,'César Riquelme',NULL,NULL,NULL,NULL),(30,'Juan Díaz',NULL,NULL,NULL,NULL),(33,'Nicolás Viveros',NULL,NULL,NULL,NULL),(34,'Ricardo Villa',NULL,NULL,NULL,NULL),(35,'Rocío Hizmeri',NULL,NULL,NULL,NULL),(36,'Luis Cisterna',NULL,NULL,NULL,NULL),(37,'Cristian Ortiz Rubio',NULL,NULL,NULL,NULL),(39,'De la Fuente Paredes',NULL,NULL,NULL,NULL),(40,'ProChile Ñuble',NULL,NULL,NULL,NULL),(41,'Oscar Crisóstomo Llanos',NULL,NULL,NULL,NULL),(42,'Viña Zaranda',NULL,NULL,NULL,NULL),(43,'Juan Segura Wines',NULL,NULL,NULL,NULL),(44,'Bodega Milanese',NULL,NULL,NULL,NULL),(45,'Paloma Díaz',NULL,NULL,NULL,NULL),(46,'Cristian Pavez',NULL,NULL,NULL,NULL),(47,'Gabriel Boric','egresado de derecho','chileno','1986-01-01','https://es.wikipedia.org/wiki/Gabriel_Boric'),(49,'Cristina Gálvez','artista','peruana','1916-01-01','https://es.wikipedia.org/wiki/Cristina_G%C3%A1lvez'),(50,'Mónica Venegas',NULL,NULL,NULL,NULL),(51,'Edelmira Montti',NULL,NULL,NULL,NULL),(52,'Eugenia Sepúlveda',NULL,NULL,NULL,NULL),(53,'Marcela Muñoz',NULL,NULL,NULL,NULL),(54,'Nayadet Nuñez',NULL,NULL,NULL,NULL),(55,'Cristian Ortiz','centrocampista','argentino','1982-01-01','https://es.wikipedia.org/wiki/Cristian_Ortiz'),(56,'Desarrollo Social',NULL,NULL,NULL,NULL),(57,'Marta Carvajal',NULL,NULL,NULL,NULL),(58,'Erick Solo de Zaldívar',NULL,NULL,NULL,NULL),(59,'Elizabeth Riquelme',NULL,NULL,NULL,NULL),(60,'Mario Rivas','futbolista','español','2000-01-01','https://es.wikipedia.org/wiki/Mario_Rivas'),(61,'Ximena Salinas',NULL,NULL,NULL,NULL),(62,'José Pedro Urzúa',NULL,NULL,NULL,NULL),(63,'Elizabeth Abarca',NULL,NULL,NULL,NULL),(64,'Heidi Inostroza',NULL,NULL,NULL,NULL),(65,'Karin Cárdenas Leal',NULL,NULL,NULL,NULL),(66,'Karin Cárdenas',NULL,NULL,NULL,NULL),(68,'Alejandrina Jara',NULL,NULL,NULL,NULL),(69,'Miguel Escobar','futbolista','colombiano','1945-01-01','https://es.wikipedia.org/wiki/Miguel_Escobar'),(70,'Víctor Hugo Rice',NULL,NULL,NULL,NULL),(71,'Aurita López',NULL,NULL,NULL,NULL),(72,'Atención de Clientes en Sector Comercio, Operación de Excavadora Compacta',NULL,NULL,NULL,NULL),(73,'Previsión Social',NULL,NULL,NULL,NULL),(74,'Natalia Lépez Hermosilla',NULL,NULL,NULL,NULL),(75,'Rodolfo Zaror Zaror',NULL,NULL,NULL,NULL),(77,'Marcela Cuadra',NULL,NULL,NULL,NULL),(78,'Bernardo Vásquez','Planificador Social y político','chileno','1975-01-01','https://es.wikipedia.org/wiki/Bernardo_V%C3%A1squez'),(79,'Natalia Lépez',NULL,NULL,NULL,NULL),(80,'Rodolfo Zaror',NULL,NULL,NULL,NULL),(81,'Miguel Hernández','poeta y dramaturgo','española','1910-01-01','https://es.wikipedia.org/wiki/Miguel_Hern%C3%A1ndez');
/*!40000 ALTER TABLE `persona` ENABLE KEYS */;
UNLOCK TABLES;

--
-- Table structure for table `popularidad`
--

DROP TABLE IF EXISTS `popularidad`;
/*!40101 SET @saved_cs_client     = @@character_set_client */;
/*!40101 SET character_set_client = utf8 */;
CREATE TABLE `popularidad` (
  `id_persona` int(11) NOT NULL AUTO_INCREMENT,
  `fecha` date NOT NULL,
  `visitas` int(11) DEFAULT NULL,
  PRIMARY KEY (`id_persona`,`fecha`),
  CONSTRAINT `popularidad_ibfk_1` FOREIGN KEY (`id_persona`) REFERENCES `persona` (`id_persona`)
) ENGINE=InnoDB AUTO_INCREMENT=82 DEFAULT CHARSET=utf8mb4;
/*!40101 SET character_set_client = @saved_cs_client */;

--
-- Dumping data for table `popularidad`
--

LOCK TABLES `popularidad` WRITE;
/*!40000 ALTER TABLE `popularidad` DISABLE KEYS */;
INSERT INTO `popularidad` (`id_persona`, `fecha`, `visitas`) VALUES (1,'2010-05-22',300000000),(5,'2022-06-01',41),(5,'2022-06-02',26),(5,'2022-06-03',40),(5,'2022-06-04',30),(5,'2022-06-05',38),(5,'2022-06-06',48),(5,'2022-06-07',41),(5,'2022-06-08',27),(5,'2022-06-09',34),(5,'2022-06-10',24),(5,'2022-06-11',14),(5,'2022-06-12',16),(5,'2022-06-13',31),(5,'2022-06-14',24),(5,'2022-06-15',33),(5,'2022-06-16',33),(5,'2022-06-17',18),(5,'2022-06-18',30),(5,'2022-06-19',25),(5,'2022-06-20',33),(5,'2022-06-21',23),(5,'2022-06-22',30),(5,'2022-06-23',20),(5,'2022-06-24',16),(5,'2022-06-25',31),(5,'2022-06-26',32),(5,'2022-06-27',39),(5,'2022-06-28',24),(5,'2022-06-29',37),(5,'2022-06-30',25),(7,'2022-06-01',15),(7,'2022-06-02',11),(7,'2022-06-03',15),(7,'2022-06-04',5),(7,'2022-06-05',2),(7,'2022-06-06',7),(7,'2022-06-07',11),(7,'2022-06-08',9),(7,'2022-06-09',14),(7,'2022-06-10',16),(7,'2022-06-11',6),(7,'2022-06-12',8),(7,'2022-06-13',7),(7,'2022-06-14',4),(7,'2022-06-15',40),(7,'2022-06-16',9),(7,'2022-06-17',6),(7,'2022-06-18',11),(7,'2022-06-19',9),(7,'2022-06-20',6),(7,'2022-06-21',10),(7,'2022-06-22',14),(7,'2022-06-23',3),(7,'2022-06-24',15),(7,'2022-06-25',5),(7,'2022-06-26',3),(7,'2022-06-27',4),(7,'2022-06-28',14),(7,'2022-06-29',13),(7,'2022-06-30',15),(10,'2022-06-01',14),(10,'2022-06-02',8),(10,'2022-06-03',8),(10,'2022-06-04',7),(10,'2022-06-05',5),(10,'2022-06-06',5),(10,'2022-06-07',6),(10,'2022-06-08',4),(10,'2022-06-09',5),(10,'2022-06-10',8),(10,'2022-06-11',4),(10,'2022-06-12',16),(10,'2022-06-13',14),(10,'2022-06-14',18),(10,'2022-06-15',11),(10,'2022-06-16',10),(10,'2022-06-17',9),(10,'2022-06-18',18),(10,'2022-06-19',4),(10,'2022-06-20',5),(10,'2022-06-21',6),(10,'2022-06-22',9),(10,'2022-06-23',9),(10,'2022-06-24',8),(10,'2022-06-25',4),(10,'2022-06-26',8),(10,'2022-06-27',13),(10,'2022-06-28',7),(10,'2022-06-29',11),(10,'2022-06-30',6),(12,'2022-06-01',2),(12,'2022-06-02',8),(12,'2022-06-03',7),(12,'2022-06-04',2),(12,'2022-06-05',4),(12,'2022-06-06',4),(12,'2022-06-07',5),(12,'2022-06-09',6),(12,'2022-06-10',3),(12,'2022-06-11',8),(12,'2022-06-12',3),(12,'2022-06-13',3),(12,'2022-06-14',3),(12,'2022-06-15',3),(12,'2022-06-16',11),(12,'2022-06-17',1),(12,'2022-06-18',2),(12,'2022-06-19',2),(12,'2022-06-20',5),(12,'2022-06-21',6),(12,'2022-06-22',3),(12,'2022-06-23',3),(12,'2022-06-24',4),(12,'2022-06-25',3),(12,'2022-06-26',4),(12,'2022-06-27',64),(12,'2022-06-28',4),(12,'2022-06-29',3),(12,'2022-06-30',12),(23,'2022-06-01',5),(23,'2022-06-02',1),(23,'2022-06-03',1),(23,'2022-06-04',1),(23,'2022-06-05',1),(23,'2022-06-06',6),(23,'2022-06-07',5),(23,'2022-06-08',2),(23,'2022-06-10',120),(23,'2022-06-11',5),(23,'2022-06-12',5),(23,'2022-06-13',3),(23,'2022-06-14',9),(23,'2022-06-15',6),(23,'2022-06-16',5),(23,'2022-06-17',2),(23,'2022-06-20',6),(23,'2022-06-21',4),(23,'2022-06-22',6),(23,'2022-06-23',3),(23,'2022-06-24',3),(23,'2022-06-25',3),(23,'2022-06-26',1),(23,'2022-06-27',4),(23,'2022-06-28',4),(23,'2022-06-29',4),(23,'2022-06-30',2),(27,'2022-06-01',2),(27,'2022-06-02',5),(27,'2022-06-03',3),(27,'2022-06-04',5),(27,'2022-06-05',2),(27,'2022-06-06',3),(27,'2022-06-07',8),(27,'2022-06-08',2),(27,'2022-06-09',5),(27,'2022-06-10',5),(27,'2022-06-11',12),(27,'2022-06-12',7),(27,'2022-06-13',4),(27,'2022-06-14',1),(27,'2022-06-15',6),(27,'2022-06-16',3),(27,'2022-06-17',2),(27,'2022-06-18',4),(27,'2022-06-19',1),(27,'2022-06-20',4),(27,'2022-06-21',3),(27,'2022-06-22',9),(27,'2022-06-23',10),(27,'2022-06-24',7),(27,'2022-06-25',7),(27,'2022-06-26',11),(27,'2022-06-27',3),(27,'2022-06-28',8),(27,'2022-06-29',3),(27,'2022-06-30',2),(47,'2022-06-01',2364),(47,'2022-06-02',3184),(47,'2022-06-03',1505),(47,'2022-06-04',1282),(47,'2022-06-05',1323),(47,'2022-06-06',2051),(47,'2022-06-07',2798),(47,'2022-06-08',2024),(47,'2022-06-09',1798),(47,'2022-06-10',2194),(47,'2022-06-11',1681),(47,'2022-06-12',1367),(47,'2022-06-13',1339),(47,'2022-06-14',1292),(47,'2022-06-15',1143),(47,'2022-06-16',1241),(47,'2022-06-17',1147),(47,'2022-06-18',1117),(47,'2022-06-19',2212),(47,'2022-06-20',3827),(47,'2022-06-21',2278),(47,'2022-06-22',2849),(47,'2022-06-23',2263),(47,'2022-06-24',1610),(47,'2022-06-25',1334),(47,'2022-06-26',1378),(47,'2022-06-27',1298),(47,'2022-06-28',1172),(47,'2022-06-29',1223),(47,'2022-06-30',1323),(49,'2022-06-01',3),(49,'2022-06-02',2),(49,'2022-06-03',7),(49,'2022-06-04',4),(49,'2022-06-07',13),(49,'2022-06-08',9),(49,'2022-06-09',9),(49,'2022-06-10',4),(49,'2022-06-11',2),(49,'2022-06-12',3),(49,'2022-06-13',3),(49,'2022-06-14',5),(49,'2022-06-15',14),(49,'2022-06-16',4),(49,'2022-06-17',3),(49,'2022-06-18',2),(49,'2022-06-19',2),(49,'2022-06-20',73),(49,'2022-06-21',17),(49,'2022-06-22',18),(49,'2022-06-23',4),(49,'2022-06-24',15),(49,'2022-06-25',7),(49,'2022-06-26',3),(49,'2022-06-27',1),(49,'2022-06-28',5),(49,'2022-06-29',14),(49,'2022-06-30',5),(55,'2022-06-01',2),(55,'2022-06-02',3),(55,'2022-06-03',1),(55,'2022-06-04',4),(55,'2022-06-06',4),(55,'2022-06-08',2),(55,'2022-06-09',1),(55,'2022-06-10',3),(55,'2022-06-11',1),(55,'2022-06-12',5),(55,'2022-06-13',2),(55,'2022-06-14',2),(55,'2022-06-15',2),(55,'2022-06-16',1),(55,'2022-06-17',2),(55,'2022-06-18',6),(55,'2022-06-20',3),(55,'2022-06-21',4),(55,'2022-06-22',1),(55,'2022-06-23',1),(55,'2022-06-24',2),(55,'2022-06-26',2),(55,'2022-06-27',3),(55,'2022-06-28',2),(55,'2022-06-29',2),(55,'2022-06-30',4),(60,'2022-06-01',2),(60,'2022-06-03',2),(60,'2022-06-04',1),(60,'2022-06-05',1),(60,'2022-06-07',1),(60,'2022-06-08',9),(60,'2022-06-09',18),(60,'2022-06-10',1),(60,'2022-06-11',1),(60,'2022-06-12',3),(60,'2022-06-13',1),(60,'2022-06-14',2),(60,'2022-06-15',3),(60,'2022-06-16',3),(60,'2022-06-17',2),(60,'2022-06-19',2),(60,'2022-06-20',4),(60,'2022-06-21',5),(60,'2022-06-22',3),(60,'2022-06-23',4),(60,'2022-06-24',8),(60,'2022-06-25',1),(60,'2022-06-26',3),(60,'2022-06-27',4),(60,'2022-06-28',8),(60,'2022-06-29',3),(60,'2022-06-30',5),(69,'2022-06-01',5),(69,'2022-06-03',2),(69,'2022-06-04',1),(69,'2022-06-05',4),(69,'2022-06-06',3),(69,'2022-06-07',4),(69,'2022-06-08',1),(69,'2022-06-09',5),(69,'2022-06-10',3),(69,'2022-06-11',5),(69,'2022-06-12',3),(69,'2022-06-13',8),(69,'2022-06-14',22),(69,'2022-06-15',6),(69,'2022-06-16',4),(69,'2022-06-17',6),(69,'2022-06-18',8),(69,'2022-06-19',5),(69,'2022-06-20',1),(69,'2022-06-21',6),(69,'2022-06-22',3),(69,'2022-06-23',11),(69,'2022-06-24',9),(69,'2022-06-25',5),(69,'2022-06-26',9),(69,'2022-06-27',5),(69,'2022-06-28',4),(69,'2022-06-29',9),(69,'2022-06-30',12),(78,'2022-06-01',4),(78,'2022-06-02',7),(78,'2022-06-03',3),(78,'2022-06-05',1),(78,'2022-06-06',4),(78,'2022-06-08',4),(78,'2022-06-09',4),(78,'2022-06-10',2),(78,'2022-06-11',4),(78,'2022-06-12',1),(78,'2022-06-13',4),(78,'2022-06-15',6),(78,'2022-06-16',4),(78,'2022-06-17',1),(78,'2022-06-18',3),(78,'2022-06-20',2),(78,'2022-06-22',1),(78,'2022-06-23',2),(78,'2022-06-24',8),(78,'2022-06-25',1),(78,'2022-06-26',3),(78,'2022-06-27',1),(78,'2022-06-28',4),(78,'2022-06-29',3),(78,'2022-06-30',4),(81,'2022-06-01',955),(81,'2022-06-02',1030),(81,'2022-06-03',874),(81,'2022-06-04',781),(81,'2022-06-05',819),(81,'2022-06-06',960),(81,'2022-06-07',1097),(81,'2022-06-08',993),(81,'2022-06-09',936),(81,'2022-06-10',916),(81,'2022-06-11',762),(81,'2022-06-12',814),(81,'2022-06-13',846),(81,'2022-06-14',886),(81,'2022-06-15',791),(81,'2022-06-16',746),(81,'2022-06-17',535),(81,'2022-06-18',425),(81,'2022-06-19',502),(81,'2022-06-20',550),(81,'2022-06-21',516),(81,'2022-06-22',473),(81,'2022-06-23',454),(81,'2022-06-24',340),(81,'2022-06-25',377),(81,'2022-06-26',363),(81,'2022-06-27',510),(81,'2022-06-28',375),(81,'2022-06-29',397),(81,'2022-06-30',425);
/*!40000 ALTER TABLE `popularidad` ENABLE KEYS */;
UNLOCK TABLES;

--
-- Table structure for table `tiene`
--

DROP TABLE IF EXISTS `tiene`;
/*!40101 SET @saved_cs_client     = @@character_set_client */;
/*!40101 SET character_set_client = utf8 */;
CREATE TABLE `tiene` (
  `nombre_dueño` varchar(32) DEFAULT NULL,
  `nombre_medio` varchar(32) NOT NULL,
  `fecha_de_adquisicion` date NOT NULL,
  PRIMARY KEY (`fecha_de_adquisicion`,`nombre_medio`),
  KEY `nombre_dueño` (`nombre_dueño`),
  KEY `nombre_medio` (`nombre_medio`),
  CONSTRAINT `tiene_ibfk_1` FOREIGN KEY (`nombre_dueño`) REFERENCES `dueño` (`nombre_dueño`),
  CONSTRAINT `tiene_ibfk_2` FOREIGN KEY (`nombre_medio`) REFERENCES `medio_de_prensa` (`nombre_medio`)
) ENGINE=InnoDB DEFAULT CHARSET=utf8mb4;
/*!40101 SET character_set_client = @saved_cs_client */;

--
-- Dumping data for table `tiene`
--

LOCK TABLES `tiene` WRITE;
/*!40000 ALTER TABLE `tiene` DISABLE KEYS */;
INSERT INTO `tiene` (`nombre_dueño`, `nombre_medio`, `fecha_de_adquisicion`) VALUES ('Arnold Schwarzenegger','mega','2010-01-10');
/*!40000 ALTER TABLE `tiene` ENABLE KEYS */;
UNLOCK TABLES;
/*!40103 SET TIME_ZONE=@OLD_TIME_ZONE */;

/*!40101 SET SQL_MODE=@OLD_SQL_MODE */;
/*!40014 SET FOREIGN_KEY_CHECKS=@OLD_FOREIGN_KEY_CHECKS */;
/*!40014 SET UNIQUE_CHECKS=@OLD_UNIQUE_CHECKS */;
/*!40101 SET CHARACTER_SET_CLIENT=@OLD_CHARACTER_SET_CLIENT */;
/*!40101 SET CHARACTER_SET_RESULTS=@OLD_CHARACTER_SET_RESULTS */;
/*!40101 SET COLLATION_CONNECTION=@OLD_COLLATION_CONNECTION */;
/*!40111 SET SQL_NOTES=@OLD_SQL_NOTES */;

-- Dump completed on 2022-07-19 23:20:49
